timestep,ax,ay,az,gx,gy,gz,flex1,flex2,flex3,flex4,flex5
1,-457.0,-577.0,763.0,25.0,0.0,9.0,141,95,102,107,131
2,-459.0,-629.0,752.0,12.0,-6.0,1.0,155,107,124,119,141
3,-457.0,-577.0,763.0,25.0,0.0,9.0,141,95,102,107,131
4,-493.0,-533.0,737.0,4.0,4.0,-1.0,154,110,133,127,150
5,-478.0,-550.0,728.0,-1.0,-2.0,0.0,137,93,119,110,135
6,-445.0,-544.0,736.0,0.0,-4.0,1.0,154,110,130,129,150
7,-439.0,-535.0,764.0,6.0,0.0,0.0,152,117,140,133,158
8,-450.0,-504.0,771.0,-3.0,5.0,-2.0,158,115,136,132,157
9,-453.0,-563.0,722.0,-3.0,0.0,-3.0,158,117,134,134,157
10,-475.0,-554.0,737.0,3.0,1.0,3.0,160,118,136,135,158
11,-479.0,-494.0,732.0,-4.0,1.0,-1.0,137,94,117,112,136
12,-475.0,-531.0,725.0,-6.0,0.0,-3.0,139,98,122,115,137
13,-481.0,-537.0,719.0,-3.0,0.0,-2.0,144,103,122,120,143
14,-489.0,-544.0,715.0,0.0,0.0,-2.0,146,106,127,124,147
15,-463.0,-521.0,727.0,-1.0,0.0,-3.0,149,109,128,125,149
16,-475.0,-558.0,737.0,-2.0,1.0,-2.0,158,117,135,130,153
17,-454.0,-557.0,731.0,1.0,-2.0,-2.0,157,120,137,135,157
18,-455.0,-558.0,736.0,-2.0,-1.0,0.0,159,118,139,136,158
19,-444.0,-545.0,728.0,-2.0,-2.0,0.0,147,108,126,122,145
20,-457.0,-550.0,734.0,-3.0,1.0,0.0,141,100,121,114,138
21,-475.0,-534.0,715.0,0.0,-1.0,1.0,139,93,111,110,134
22,-481.0,-528.0,726.0,-1.0,-5.0,0.0,139,98,121,113,137
23,-475.0,-541.0,754.0,-4.0,-3.0,-1.0,153,114,136,130,151
24,-474.0,-539.0,742.0,-2.0,0.0,0.0,151,112,133,129,151
25,-484.0,-535.0,726.0,-1.0,-1.0,-1.0,156,116,138,133,156
26,-478.0,-540.0,729.0,-2.0,-2.0,-1.0,151,118,139,138,156
27,-469.0,-542.0,744.0,-2.0,-1.0,-1.0,157,118,139,136,156
28,-460.0,-542.0,751.0,0.0,0.0,-1.0,135,95,117,111,134
29,-462.0,-547.0,749.0,-3.0,2.0,-1.0,143,102,126,120,142
30,-455.0,-535.0,734.0,-6.0,0.0,-2.0,142,100,124,120,143
31,-450.0,-549.0,727.0,-5.0,-2.0,-1.0,138,102,122,117,141
32,-458.0,-558.0,741.0,-3.0,0.0,0.0,149,106,132,124,145
33,-477.0,-540.0,727.0,-1.0,0.0,1.0,156,116,140,137,156
34,-480.0,-535.0,726.0,-2.0,-3.0,0.0,159,120,142,137,157
35,-482.0,-552.0,742.0,-3.0,-1.0,1.0,159,120,143,136,158
36,-477.0,-538.0,729.0,0.0,1.0,1.0,157,117,139,133,155
37,-495.0,-535.0,724.0,-1.0,-1.0,1.0,137,103,117,115,137
38,-480.0,-545.0,746.0,-2.0,-1.0,0.0,136,94,118,111,132
39,-463.0,-540.0,750.0,0.0,2.0,-1.0,142,103,124,120,142
40,-464.0,-543.0,737.0,-3.0,4.0,-1.0,154,113,133,132,154
41,-460.0,-544.0,723.0,-4.0,2.0,-1.0,151,110,129,129,149
42,-469.0,-548.0,705.0,-2.0,-1.0,0.0,156,115,137,135,156
43,-465.0,-540.0,721.0,-3.0,-1.0,0.0,158,118,138,137,158
44,-477.0,-547.0,729.0,-2.0,1.0,-1.0,160,120,141,134,156
45,-484.0,-542.0,729.0,-2.0,0.0,0.0,142,99,125,117,140
46,-483.0,-546.0,725.0,-1.0,-2.0,1.0,142,99,121,115,140
47,-472.0,-549.0,724.0,-2.0,-2.0,1.0,134,93,115,110,132
48,-477.0,-550.0,725.0,-1.0,-2.0,2.0,136,96,117,112,134
49,-474.0,-538.0,726.0,-1.0,-2.0,2.0,150,110,132,125,149
50,-465.0,-535.0,716.0,0.0,-2.0,1.0,157,117,139,133,157
51,-476.0,-545.0,731.0,-3.0,1.0,0.0,158,116,136,134,157
52,-473.0,-546.0,731.0,-2.0,1.0,1.0,158,117,140,136,158
53,-478.0,-543.0,721.0,-2.0,0.0,0.0,158,119,141,137,156
54,-475.0,-536.0,724.0,-1.0,-1.0,1.0,134,92,120,111,133
55,-485.0,-535.0,729.0,-1.0,-1.0,1.0,135,93,119,110,132
56,-499.0,-533.0,729.0,-1.0,-1.0,1.0,136,98,122,117,137
57,-507.0,-530.0,730.0,0.0,1.0,1.0,141,104,129,120,145
58,-498.0,-528.0,721.0,1.0,2.0,-1.0,148,107,133,123,149
59,-499.0,-527.0,729.0,1.0,1.0,-1.0,155,116,139,133,155
60,-477.0,-552.0,736.0,0.0,2.0,-2.0,157,117,142,133,157
61,-476.0,-548.0,730.0,2.0,3.0,0.0,159,117,144,134,159
62,-464.0,-521.0,709.0,-1.0,2.0,-2.0,151,109,131,124,146
63,-454.0,-550.0,703.0,-4.0,-2.0,-3.0,144,105,129,119,144
64,-458.0,-551.0,701.0,-1.0,-2.0,-1.0,134,96,120,112,133
65,-472.0,-545.0,706.0,-1.0,-3.0,0.0,137,97,122,113,136
66,-487.0,-546.0,712.0,2.0,-3.0,0.0,152,109,136,129,150
67,-494.0,-526.0,714.0,3.0,-4.0,0.0,144,113,139,130,154
68,-495.0,-536.0,710.0,0.0,-5.0,-1.0,158,120,145,136,157
69,-490.0,-542.0,725.0,2.0,-4.0,-1.0,158,121,145,135,159
70,-495.0,-543.0,737.0,2.0,-2.0,-1.0,158,119,145,135,158
71,-481.0,-536.0,746.0,-2.0,-2.0,-3.0,135,94,121,109,132
72,-465.0,-555.0,744.0,-1.0,-1.0,-2.0,138,97,124,114,138
73,-463.0,-555.0,730.0,-2.0,-1.0,0.0,138,99,125,113,138
74,-464.0,-549.0,725.0,-2.0,-3.0,0.0,135,95,123,114,137
75,-471.0,-542.0,732.0,-2.0,-2.0,1.0,146,106,135,123,148
76,-490.0,-532.0,732.0,-1.0,-3.0,1.0,155,115,144,134,157
77,-493.0,-526.0,730.0,-2.0,-3.0,0.0,157,119,145,135,159
78,-484.0,-526.0,739.0,-2.0,-1.0,0.0,159,120,146,136,160
79,-487.0,-523.0,740.0,-1.0,-1.0,0.0,152,113,138,127,150
80,-496.0,-526.0,730.0,0.0,0.0,-1.0,140,101,127,118,141
81,-485.0,-524.0,730.0,0.0,0.0,-2.0,145,98,124,109,129
82,-480.0,-531.0,736.0,-1.0,0.0,-2.0,143,102,130,120,143
83,-460.0,-534.0,732.0,-1.0,0.0,-2.0,153,116,141,133,155
84,-454.0,-543.0,729.0,-1.0,1.0,-1.0,150,111,139,127,151
85,-463.0,-540.0,717.0,-2.0,0.0,-1.0,155,116,142,132,154
86,-472.0,-543.0,723.0,-3.0,-2.0,-2.0,157,114,139,134,155
87,-475.0,-544.0,732.0,-1.0,-2.0,0.0,158,119,150,136,159
88,-490.0,-532.0,734.0,-1.0,-1.0,0.0,139,99,127,116,137
89,-488.0,-534.0,729.0,-2.0,-1.0,-1.0,143,103,132,120,140
90,-491.0,-538.0,717.0,0.0,-1.0,-1.0,141,100,129,118,141
91,-500.0,-541.0,718.0,0.0,-1.0,-2.0,138,98,127,118,137
92,-484.0,-543.0,736.0,0.0,-1.0,-2.0,149,109,136,125,148
93,-473.0,-551.0,747.0,-1.0,1.0,-2.0,157,118,146,134,157
94,-459.0,-551.0,745.0,-2.0,1.0,-1.0,157,117,145,134,156
95,-456.0,-554.0,725.0,-3.0,0.0,-1.0,158,117,145,135,157
96,-463.0,-556.0,719.0,-3.0,0.0,0.0,157,116,147,136,158
97,-474.0,-539.0,720.0,-2.0,-1.0,1.0,135,94,123,113,132
98,-490.0,-524.0,721.0,-2.0,-1.0,1.0,135,93,122,111,132
99,-488.0,-518.0,721.0,-1.0,-1.0,0.0,139,99,126,115,138
100,-490.0,-514.0,716.0,0.0,-1.0,-1.0,146,106,134,126,148
101,-496.0,-527.0,712.0,-1.0,-1.0,-3.0,149,109,134,128,149
102,-491.0,-537.0,716.0,1.0,-2.0,-3.0,156,117,143,135,156
103,-485.0,-541.0,733.0,2.0,-1.0,-2.0,157,117,144,135,157
104,-477.0,-544.0,737.0,1.0,-1.0,-2.0,160,118,145,137,157
105,-458.0,-543.0,745.0,-3.0,0.0,-2.0,146,106,132,121,143
106,-451.0,-564.0,728.0,-3.0,0.0,-1.0,144,103,129,122,143
107,-459.0,-551.0,716.0,-1.0,-2.0,0.0,133,94,117,110,135
108,-475.0,-537.0,723.0,-2.0,-2.0,1.0,137,95,122,112,134
109,-493.0,-533.0,720.0,-2.0,-3.0,1.0,151,112,136,130,151
110,-499.0,-520.0,726.0,-1.0,-2.0,0.0,155,116,140,134,155
111,-498.0,-526.0,719.0,-1.0,-1.0,-1.0,158,119,141,136,155
112,-487.0,-526.0,715.0,0.0,-1.0,-2.0,157,119,142,138,158
113,-485.0,-540.0,709.0,0.0,-2.0,-2.0,157,118,141,136,157
114,-485.0,-537.0,721.0,1.0,-4.0,-2.0,136,93,121,111,134
115,-473.0,-548.0,735.0,0.0,-3.0,-3.0,140,100,125,117,138
116,-460.0,-553.0,759.0,1.0,-2.0,-2.0,139,99,127,120,142
117,-458.0,-544.0,752.0,0.0,-2.0,-1.0,143,103,129,121,145
118,-452.0,-551.0,745.0,-2.0,-2.0,-1.0,149,108,134,126,147
119,-459.0,-549.0,736.0,-1.0,-2.0,1.0,156,117,142,134,157
120,-486.0,-539.0,727.0,0.0,-2.0,1.0,159,120,146,138,159
121,-487.0,-521.0,736.0,1.0,-3.0,0.0,162,119,145,136,165
122,-489.0,-522.0,736.0,1.0,-1.0,0.0,153,114,139,131,151
123,-494.0,-520.0,752.0,0.0,0.0,-1.0,144,102,126,121,143
124,-488.0,-536.0,749.0,-2.0,0.0,-2.0,136,97,123,116,137
125,-483.0,-548.0,739.0,-1.0,0.0,-1.0,143,103,130,121,142
126,-480.0,-541.0,746.0,-1.0,1.0,0.0,152,116,136,132,150
127,-466.0,-540.0,747.0,-2.0,2.0,0.0,150,111,136,125,151
128,-467.0,-549.0,735.0,-2.0,2.0,0.0,155,115,140,136,155
129,-460.0,-542.0,719.0,-3.0,2.0,0.0,157,117,142,136,157
130,-470.0,-538.0,710.0,-3.0,0.0,1.0,157,119,143,138,159
131,-482.0,-532.0,721.0,-3.0,-1.0,0.0,140,99,124,117,138
132,-477.0,-531.0,725.0,-1.0,0.0,0.0,143,102,124,120,140
133,-489.0,-523.0,725.0,-1.0,1.0,0.0,138,100,121,119,139
134,-493.0,-530.0,709.0,-1.0,-1.0,-1.0,139,99,122,119,142
135,-482.0,-538.0,715.0,0.0,-1.0,-1.0,150,110,133,129,149
136,-487.0,-530.0,727.0,1.0,-1.0,0.0,158,117,142,133,158
137,-482.0,-526.0,721.0,0.0,-1.0,-2.0,160,130,144,141,159
138,-462.0,-538.0,734.0,-1.0,0.0,-2.0,157,118,141,142,157
139,-462.0,-542.0,721.0,-2.0,0.0,-1.0,155,121,137,126,153
140,-464.0,-543.0,724.0,-2.0,-2.0,-1.0,136,96,119,117,136
141,-469.0,-537.0,739.0,-2.0,-2.0,0.0,129,94,118,106,133
142,-480.0,-527.0,734.0,-2.0,-1.0,-1.0,142,101,123,121,137
143,-485.0,-521.0,726.0,-2.0,-2.0,-1.0,149,110,134,130,150
144,-483.0,-531.0,725.0,-2.0,-2.0,-2.0,148,108,133,130,149
145,-490.0,-532.0,725.0,0.0,-2.0,-2.0,157,117,141,136,156
146,-482.0,-542.0,728.0,2.0,-2.0,-2.0,160,117,142,138,158
147,-485.0,-536.0,750.0,0.0,-1.0,-1.0,161,119,144,137,156
148,-482.0,-546.0,750.0,0.0,0.0,-1.0,141,101,125,120,142
149,-470.0,-543.0,731.0,-2.0,0.0,-1.0,145,103,128,124,143
150,-465.0,-555.0,707.0,-1.0,0.0,0.0,139,99,124,119,138
151,-478.0,-537.0,725.0,1.0,-1.0,0.0,136,96,124,115,136
152,-482.0,-521.0,745.0,0.0,-2.0,0.0,150,110,137,129,149
153,-482.0,-524.0,747.0,-2.0,-1.0,-1.0,152,117,145,135,157
154,-480.0,-538.0,731.0,-1.0,0.0,-1.0,156,118,143,138,156
155,-489.0,-543.0,726.0,1.0,0.0,0.0,158,118,142,136,158
156,-487.0,-521.0,730.0,0.0,-1.0,-1.0,159,119,145,139,159
157,-474.0,-530.0,724.0,0.0,-2.0,-1.0,137,96,122,115,137
158,-459.0,-526.0,742.0,1.0,0.0,-2.0,142,101,121,119,139
159,-486.0,-526.0,735.0,0.0,1.0,-1.0,145,106,130,124,145
160,-478.0,-526.0,722.0,-1.0,-2.0,-2.0,143,104,126,123,143
161,-475.0,-533.0,721.0,-2.0,-2.0,-2.0,147,106,130,131,147
162,-478.0,-536.0,737.0,2.0,0.0,-1.0,156,118,140,136,155
163,-480.0,-517.0,734.0,2.0,0.0,-1.0,158,116,146,136,156
164,-484.0,-514.0,730.0,-1.0,-2.0,-3.0,159,117,147,139,158
165,-474.0,-540.0,725.0,2.0,-1.0,-3.0,151,110,138,128,153
166,-470.0,-534.0,722.0,4.0,-1.0,-2.0,144,102,132,125,143
167,-477.0,-533.0,726.0,5.0,-3.0,-1.0,136,96,120,115,136
168,-468.0,-535.0,737.0,8.0,-4.0,-1.0,140,99,128,118,140
169,-472.0,-524.0,762.0,7.0,-2.0,0.0,151,111,141,128,152
170,-461.0,-561.0,747.0,6.0,-1.0,2.0,152,115,142,134,154
171,-464.0,-549.0,734.0,15.0,0.0,7.0,157,116,139,137,157
172,-484.0,-517.0,752.0,21.0,3.0,10.0,157,118,132,137,158
173,-475.0,-530.0,761.0,26.0,5.0,11.0,158,117,129,137,158
174,-511.0,-484.0,773.0,31.0,6.0,14.0,137,95,97,116,134
175,-520.0,-441.0,779.0,27.0,4.0,7.0,142,99,102,118,140
176,-532.0,-457.0,776.0,22.0,-1.0,6.0,139,97,105,115,138
177,-502.0,-388.0,770.0,21.0,-8.0,-6.0,140,97,114,119,141
178,-495.0,-456.0,771.0,-3.0,-8.0,-11.0,150,107,126,125,148
179,-454.0,-507.0,793.0,0.0,-3.0,-6.0,157,116,128,134,157
180,-472.0,-466.0,800.0,4.0,2.0,-5.0,158,116,129,136,157
181,-482.0,-465.0,774.0,-2.0,2.0,-5.0,158,118,137,126,156
182,-476.0,-465.0,775.0,-7.0,-1.0,-6.0,157,115,134,131,155
183,-473.0,-506.0,769.0,-6.0,-1.0,-6.0,141,99,120,115,140
184,-469.0,-509.0,759.0,4.0,2.0,0.0,136,94,115,109,134
185,-491.0,-461.0,764.0,3.0,1.0,0.0,144,102,122,118,142
186,-490.0,-457.0,772.0,-3.0,-3.0,-2.0,149,109,122,125,150
187,-481.0,-484.0,778.0,-2.0,0.0,-2.0,152,111,131,129,150
188,-485.0,-473.0,780.0,1.0,2.0,-1.0,156,115,138,133,156
189,-492.0,-459.0,767.0,-1.0,0.0,-2.0,157,116,140,132,157
190,-487.0,-474.0,773.0,-1.0,-1.0,-1.0,158,117,136,135,158
191,-486.0,-459.0,776.0,1.0,0.0,0.0,144,102,127,119,141
192,-497.0,-446.0,777.0,0.0,-1.0,-1.0,145,101,128,121,143
193,-492.0,-454.0,792.0,-1.0,0.0,-2.0,141,100,125,120,141
194,-488.0,-454.0,780.0,-1.0,1.0,-2.0,142,100,126,120,141
195,-492.0,-465.0,769.0,0.0,1.0,-2.0,154,112,137,131,153
196,-486.0,-468.0,767.0,0.0,1.0,-1.0,157,118,142,136,157
197,-480.0,-463.0,764.0,1.0,1.0,0.0,159,118,143,135,159
198,-492.0,-451.0,766.0,0.0,0.0,-1.0,159,117,142,137,157
199,-491.0,-465.0,767.0,0.0,0.0,-1.0,159,118,143,137,157
200,-485.0,-463.0,768.0,0.0,0.0,-2.0,137,96,120,115,136
201,-492.0,-464.0,763.0,-1.0,0.0,-1.0,139,97,121,116,136
202,-492.0,-470.0,765.0,-1.0,-1.0,-1.0,143,101,125,119,141
203,-494.0,-470.0,770.0,0.0,-1.0,0.0,143,101,126,121,144
204,-486.0,-459.0,771.0,-2.0,-1.0,-1.0,149,107,134,125,148
205,-488.0,-466.0,758.0,-1.0,0.0,0.0,157,115,141,133,156
206,-494.0,-455.0,751.0,-1.0,-2.0,-1.0,159,118,141,132,158
207,-491.0,-458.0,765.0,-1.0,-3.0,-2.0,158,116,144,134,159
208,-483.0,-463.0,773.0,0.0,-3.0,-1.0,147,104,128,119,144
209,-485.0,-464.0,778.0,0.0,-1.0,-2.0,143,102,127,120,143
210,-486.0,-462.0,771.0,-1.0,-3.0,-1.0,137,96,121,116,137
211,-481.0,-459.0,788.0,-1.0,-4.0,-2.0,139,99,122,107,139
212,-479.0,-466.0,787.0,0.0,-2.0,-1.0,154,116,137,130,153
213,-477.0,-450.0,788.0,-1.0,-3.0,-2.0,155,114,136,132,155
214,-478.0,-456.0,804.0,-3.0,-3.0,-3.0,158,118,144,135,157
215,-481.0,-480.0,803.0,0.0,0.0,0.0,157,117,142,135,156
216,-492.0,-445.0,800.0,-1.0,0.0,0.0,158,116,139,136,158
217,-502.0,-448.0,799.0,-3.0,0.0,-1.0,138,96,115,114,135
218,-490.0,-462.0,809.0,-1.0,2.0,-1.0,143,100,114,118,141
219,-496.0,-459.0,777.0,-2.0,3.0,-2.0,146,103,116,124,144
220,-476.0,-480.0,776.0,-6.0,2.0,-4.0,142,102,114,124,143
221,-459.0,-515.0,774.0,-5.0,2.0,-1.0,149,107,122,128,147
222,-460.0,-507.0,772.0,-1.0,3.0,2.0,156,117,131,137,156
223,-472.0,-477.0,773.0,-3.0,3.0,3.0,159,119,132,138,157
224,-482.0,-494.0,765.0,-7.0,2.0,2.0,158,118,128,139,159
225,-491.0,-494.0,758.0,-7.0,3.0,3.0,154,113,128,135,152
226,-500.0,-477.0,748.0,-7.0,2.0,3.0,141,111,115,120,139
227,-504.0,-476.0,742.0,-5.0,0.0,4.0,138,96,113,116,133
228,-507.0,-468.0,742.0,-4.0,1.0,4.0,140,99,119,122,139
229,-517.0,-443.0,750.0,-3.0,0.0,2.0,153,113,135,135,154
230,-521.0,-447.0,744.0,-2.0,0.0,1.0,151,110,131,133,151
231,-520.0,-446.0,742.0,-1.0,0.0,0.0,156,115,138,138,154
232,-506.0,-455.0,750.0,-2.0,-2.0,-2.0,159,117,135,139,158
233,-489.0,-468.0,754.0,0.0,-1.0,-2.0,159,118,141,139,157
234,-488.0,-476.0,753.0,1.0,-1.0,-1.0,141,100,125,119,138
235,-491.0,-473.0,763.0,-1.0,-2.0,-2.0,145,102,126,125,141
236,-485.0,-475.0,764.0,-2.0,-2.0,-2.0,139,98,125,122,138
237,-487.0,-468.0,761.0,-2.0,-2.0,-2.0,140,98,121,118,138
238,-482.0,-472.0,759.0,-1.0,-1.0,-1.0,151,109,129,131,149
239,-497.0,-461.0,758.0,0.0,-1.0,-1.0,160,119,138,140,157
240,-506.0,-466.0,753.0,0.0,-3.0,-1.0,159,118,140,141,158
241,-495.0,-464.0,773.0,0.0,-3.0,-2.0,155,120,139,140,157
242,-500.0,-468.0,778.0,0.0,-2.0,-2.0,159,118,138,142,155
243,-506.0,-471.0,764.0,1.0,-1.0,-2.0,137,96,117,120,137
244,-504.0,-469.0,772.0,2.0,-1.0,-2.0,137,96,117,118,135
245,-505.0,-463.0,769.0,-1.0,-1.0,-3.0,142,100,126,122,140
246,-488.0,-486.0,764.0,0.0,-1.0,-2.0,146,105,129,127,147
247,-489.0,-482.0,767.0,1.0,-1.0,-2.0,147,107,128,129,146
248,-495.0,-469.0,771.0,-2.0,-1.0,-2.0,156,116,137,136,154
249,-489.0,-483.0,766.0,-1.0,-1.0,-2.0,158,117,142,140,156
250,-489.0,-481.0,767.0,0.0,-1.0,0.0,160,119,142,141,158
251,-504.0,-478.0,764.0,-1.0,-1.0,0.0,139,102,130,126,153
252,-500.0,-474.0,772.0,-2.0,-2.0,-1.0,144,105,130,121,142
253,-502.0,-478.0,774.0,-3.0,0.0,-1.0,140,100,124,120,138
254,-495.0,-479.0,771.0,-1.0,0.0,-1.0,142,100,125,123,141
255,-489.0,-469.0,767.0,-1.0,0.0,0.0,153,113,138,135,151
256,-486.0,-460.0,762.0,-4.0,0.0,-1.0,156,116,141,140,154
257,-482.0,-490.0,761.0,-1.0,0.0,0.0,156,118,144,139,155
258,-491.0,-454.0,769.0,0.0,-1.0,0.0,159,120,144,141,159
259,-495.0,-456.0,756.0,-3.0,-2.0,-1.0,160,119,144,140,158
260,-500.0,-467.0,756.0,-1.0,-2.0,0.0,138,96,120,118,134
261,-504.0,-450.0,772.0,1.0,-2.0,-1.0,140,98,124,121,136
262,-516.0,-455.0,771.0,0.0,-1.0,-2.0,144,103,130,127,142
263,-515.0,-452.0,770.0,0.0,-1.0,-3.0,141,101,129,124,141
264,-489.0,-474.0,774.0,-1.0,0.0,-3.0,149,109,135,131,146
265,-474.0,-487.0,769.0,0.0,1.0,-3.0,159,118,140,139,156
266,-469.0,-482.0,758.0,-2.0,1.0,-2.0,158,118,139,140,157
267,-468.0,-491.0,753.0,-2.0,-2.0,-1.0,162,119,143,141,156
268,-480.0,-485.0,750.0,-2.0,-2.0,-1.0,151,108,133,131,145
269,-486.0,-486.0,757.0,0.0,-3.0,1.0,140,99,123,121,139
270,-496.0,-452.0,771.0,-2.0,-3.0,0.0,135,92,120,115,132
271,-514.0,-465.0,768.0,-2.0,-2.0,-1.0,139,99,128,121,142
272,-516.0,-467.0,764.0,0.0,-1.0,-1.0,154,113,147,138,150
273,-518.0,-468.0,761.0,0.0,-3.0,-2.0,152,110,139,135,151
274,-505.0,-480.0,780.0,0.0,-3.0,-2.0,157,117,145,139,155
275,-485.0,-489.0,796.0,1.0,1.0,-2.0,157,118,144,138,156
276,-472.0,-481.0,781.0,-2.0,2.0,-2.0,156,118,145,141,154
277,-459.0,-483.0,762.0,-6.0,1.0,-2.0,138,98,124,118,135
278,-458.0,-490.0,741.0,-6.0,0.0,0.0,142,102,130,124,140
279,-468.0,-470.0,729.0,-5.0,-2.0,0.0,139,98,125,121,137
280,-481.0,-464.0,740.0,-4.0,-4.0,0.0,138,96,123,121,136
281,-496.0,-462.0,763.0,-2.0,-4.0,0.0,150,108,136,134,148
282,-516.0,-472.0,774.0,0.0,-5.0,0.0,158,117,146,142,157
283,-513.0,-480.0,811.0,1.0,-4.0,0.0,161,121,149,142,159
284,-517.0,-502.0,802.0,0.0,-3.0,0.0,159,119,150,143,159
285,-509.0,-494.0,822.0,-2.0,1.0,0.0,158,118,146,139,157
286,-506.0,-508.0,804.0,1.0,4.0,2.0,138,97,121,121,137
287,-490.0,-488.0,783.0,-3.0,7.0,0.0,138,91,118,116,131
288,-474.0,-490.0,758.0,-7.0,6.0,-1.0,144,102,122,125,141
289,-461.0,-493.0,742.0,-10.0,4.0,-2.0,152,108,131,134,150
290,-456.0,-526.0,729.0,-7.0,3.0,2.0,149,106,134,132,146
291,-479.0,-486.0,721.0,-1.0,2.0,6.0,156,111,141,138,153
292,-494.0,-444.0,732.0,-4.0,0.0,4.0,157,116,145,138,154
293,-497.0,-438.0,727.0,-6.0,-1.0,3.0,160,118,151,141,156
294,-509.0,-442.0,704.0,-5.0,-2.0,3.0,145,103,133,122,138
295,-521.0,-407.0,686.0,-3.0,-3.0,1.0,143,98,132,121,138
296,-534.0,-302.0,627.0,-5.0,-3.0,-6.0,137,95,126,117,134
297,-534.0,-265.0,529.0,-6.0,-6.0,-14.0,137,96,127,119,135
298,-521.0,-187.0,458.0,4.0,-21.0,-24.0,153,109,142,132,149
299,-568.0,-207.0,369.0,1.0,-48.0,-44.0,157,111,145,136,152
300,-609.0,-394.0,539.0,13.0,-101.0,-56.0,154,102,142,135,150
301,-370.0,-418.0,1236.0,-54.0,-133.0,-68.0,150,93,126,118,137
302,-79.0,-1194.0,1961.0,-152.0,-63.0,-63.0,145,87,97,112,111
303,445.0,-2169.0,2571.0,-102.0,90.0,49.0,116,58,82,73,72
304,432.0,-1813.0,2363.0,-141.0,313.0,167.0,119,60,92,69,74
305,95.0,-821.0,794.0,-270.0,305.0,195.0,111,62,83,76,68
306,-357.0,-1155.0,65.0,-300.0,192.0,226.0,116,63,92,82,71
307,-214.0,-1120.0,333.0,-249.0,219.0,280.0,118,67,91,82,76
308,-443.0,-393.0,159.0,-152.0,198.0,305.0,125,78,84,90,84
309,-479.0,296.0,13.0,-126.0,173.0,283.0,128,78,102,93,87
310,-559.0,666.0,-152.0,-97.0,157.0,206.0,128,77,107,96,86
311,-445.0,894.0,-219.0,-97.0,140.0,135.0,117,68,103,84,72
312,-277.0,1320.0,-657.0,-22.0,110.0,114.0,114,60,102,79,69
313,-152.0,2261.0,-1626.0,87.0,38.0,73.0,110,53,97,73,63
314,-21.0,4431.0,-2537.0,158.0,-137.0,-216.0,115,60,102,76,65
315,243.0,5333.0,-3517.0,54.0,-502.0,-803.0,125,73,69,89,78
316,2827.0,5201.0,-3566.0,-101.0,-1004.0,-1432.0,125,75,79,91,83
317,11768.0,-686.0,2943.0,-347.0,-755.0,-1072.0,113,76,94,97,87
318,6885.0,-10938.0,1158.0,156.0,221.0,-151.0,105,74,91,92,83
319,1323.0,-3771.0,581.0,146.0,200.0,346.0,129,88,124,109,100
320,479.0,-1994.0,824.0,-22.0,43.0,295.0,96,52,98,72,67
321,246.0,-1510.0,887.0,-31.0,108.0,358.0,107,67,110,85,79
322,-253.0,-687.0,593.0,-16.0,121.0,321.0,109,62,102,78,74
323,-375.0,-361.0,478.0,-27.0,117.0,251.0,105,59,100,74,74
324,-173.0,-312.0,404.0,-53.0,134.0,217.0,118,66,75,84,82
325,-304.0,-320.0,206.0,-53.0,119.0,208.0,124,73,105,90,91
326,-172.0,-263.0,300.0,-34.0,118.0,232.0,124,73,111,88,86
327,-282.0,-105.0,142.0,10.0,126.0,246.0,128,73,112,92,85
328,-390.0,219.0,9.0,27.0,118.0,230.0,125,67,112,86,81
329,-345.0,396.0,6.0,35.0,107.0,244.0,108,54,99,75,72
330,-154.0,1024.0,-581.0,177.0,108.0,296.0,109,56,75,69,63
331,-306.0,3230.0,-1942.0,334.0,26.0,83.0,116,61,80,79,65
332,-1335.0,5441.0,-3281.0,154.0,-316.0,-545.0,124,72,110,89,73
333,1082.0,5635.0,-3847.0,-179.0,-885.0,-1303.0,113,62,73,83,70
334,11534.0,426.0,1167.0,-294.0,-1180.0,-1315.0,107,63,105,90,82
335,8529.0,-10539.0,3103.0,-135.0,116.0,67.0,89,52,92,75,76
336,3147.0,-4406.0,-437.0,248.0,404.0,339.0,93,58,92,72,79
337,-59.0,-1758.0,6.0,-191.0,182.0,293.0,89,55,106,76,76
338,124.0,-1889.0,73.0,-23.0,37.0,351.0,121,82,136,104,106
339,-127.0,-890.0,596.0,-10.0,138.0,347.0,133,87,131,105,109
340,-71.0,-451.0,623.0,-48.0,168.0,275.0,122,77,127,97,100
341,-366.0,-377.0,61.0,-112.0,190.0,258.0,123,67,124,98,98
342,-320.0,-830.0,640.0,-97.0,107.0,283.0,132,78,128,100,99
343,-148.0,-368.0,98.0,-66.0,126.0,300.0,115,53,100,75,71
344,-147.0,-64.0,36.0,8.0,171.0,270.0,127,59,102,78,72
345,-452.0,150.0,-97.0,40.0,133.0,262.0,136,61,117,86,81
346,-512.0,212.0,-101.0,18.0,58.0,251.0,148,69,121,90,81
347,-306.0,1025.0,-146.0,112.0,65.0,210.0,150,64,117,95,85
348,-415.0,3286.0,-1374.0,230.0,32.0,66.0,155,82,125,103,90
349,-1167.0,5764.0,-3420.0,105.0,-190.0,-449.0,157,84,130,103,90
350,395.0,5709.0,-3958.0,-99.0,-704.0,-1032.0,161,82,131,106,89
351,7033.0,4218.0,-3448.0,-362.0,-1221.0,-1368.0,166,72,114,95,83
352,10894.0,-8636.0,1536.0,-530.0,-482.0,-460.0,177,71,122,99,90
353,3626.0,-7906.0,-915.0,363.0,445.0,110.0,164,61,123,95,95
354,784.0,-963.0,-80.0,-205.0,175.0,177.0,175,70,116,96,102
355,285.0,-2919.0,474.0,-37.0,-34.0,159.0,158,66,123,101,103
356,280.0,-1832.0,887.0,110.0,116.0,248.0,171,77,126,98,101
357,99.0,-1116.0,477.0,-2.0,195.0,304.0,143,51,107,77,79
358,300.0,-915.0,271.0,41.0,213.0,217.0,158,59,113,83,86
359,242.0,-943.0,393.0,46.0,191.0,255.0,153,54,122,81,83
360,367.0,-796.0,537.0,-21.0,242.0,343.0,149,59,114,83,84
361,339.0,-477.0,406.0,-70.0,274.0,371.0,158,69,128,87,91
362,-61.0,104.0,65.0,99.0,252.0,361.0,163,78,135,100,93
363,-331.0,478.0,-246.0,14.0,203.0,359.0,159,77,133,100,91
364,-541.0,597.0,-576.0,104.0,105.0,325.0,159,76,123,103,91
365,-174.0,1034.0,-761.0,272.0,72.0,267.0,154,74,110,97,88
366,-672.0,2764.0,-1655.0,262.0,-18.0,81.0,135,56,76,76,66
367,-857.0,4041.0,-2102.0,29.0,-194.0,-455.0,137,53,90,76,65
368,-858.0,4242.0,-3934.0,-203.0,-576.0,-1120.0,125,55,96,79,70
369,7896.0,3765.0,-3973.0,-363.0,-1449.0,-1456.0,144,63,112,87,85
370,10417.0,-8109.0,3479.0,-764.0,-575.0,-368.0,172,68,114,95,95
371,4075.0,-8345.0,-1901.0,685.0,392.0,89.0,153,66,70,83,93
372,312.0,-500.0,-560.0,-78.0,83.0,276.0,150,55,88,79,86
373,494.0,-2541.0,1397.0,-76.0,115.0,240.0,147,46,105,75,78
374,164.0,-1468.0,606.0,129.0,246.0,333.0,151,52,109,77,74
375,-110.0,-940.0,304.0,36.0,184.0,350.0,174,77,134,105,110
376,117.0,-953.0,434.0,14.0,211.0,350.0,176,88,132,108,115
377,396.0,-515.0,477.0,48.0,294.0,376.0,196,112,155,131,136
378,140.0,-338.0,132.0,50.0,265.0,412.0,280,203,245,218,222
379,93.0,-4.0,-318.0,90.0,195.0,360.0,278,207,251,214,228
380,-202.0,161.0,204.0,212.0,259.0,306.0,230,155,187,169,186
381,-443.0,334.0,-634.0,114.0,173.0,288.0,160,87,80,94,120
382,-425.0,793.0,-1213.0,161.0,108.0,278.0,153,82,91,89,129
383,-650.0,1260.0,-1202.0,159.0,46.0,176.0,151,90,106,121,125
384,-689.0,2562.0,-2559.0,76.0,-159.0,-65.0,163,101,108,135,120
385,-689.0,3643.0,-3156.0,-122.0,-419.0,-534.0,172,117,114,142,144
386,550.0,4256.0,-3616.0,-291.0,-696.0,-1082.0,151,98,65,116,134
387,6275.0,494.0,-1597.0,-241.0,-766.0,-1199.0,157,92,22,117,137
388,7608.0,-8213.0,-368.0,-222.0,-904.0,-249.0,167,102,29,123,143
389,4806.0,-5936.0,1222.0,428.0,122.0,207.0,188,102,96,148,167
390,943.0,-1028.0,-312.0,453.0,637.0,253.0,187,117,51,150,164
391,186.0,-1771.0,-713.0,-523.0,359.0,154.0,176,117,120,140,147
392,-734.0,-1814.0,62.0,-9.0,158.0,280.0,165,129,32,132,142
393,-317.0,-1594.0,-109.0,272.0,32.0,409.0,158,119,86,120,139
394,102.0,-708.0,286.0,91.0,165.0,334.0,157,116,107,122,138
395,66.0,-221.0,-228.0,33.0,257.0,290.0,213,167,173,171,194
396,-160.0,-36.0,204.0,0.0,241.0,292.0,200,156,126,169,185
397,-390.0,-17.0,-172.0,72.0,168.0,316.0,198,156,155,172,185
398,-204.0,270.0,-217.0,126.0,2.0,322.0,196,159,131,169,186
399,-143.0,841.0,-489.0,98.0,10.0,248.0,192,156,152,166,180
400,-343.0,1197.0,-444.0,159.0,52.0,165.0,158,120,119,138,147
401,-584.0,1711.0,-1021.0,186.0,36.0,9.0,152,124,134,138,153
402,-740.0,2146.0,-2056.0,61.0,-186.0,-270.0,162,128,140,142,157
403,-718.0,2569.0,-928.0,-148.0,-344.0,-776.0,165,128,170,145,163
404,1369.0,3655.0,-2206.0,-260.0,-607.0,-1348.0,182,147,163,165,184
405,8634.0,-3747.0,-980.0,-755.0,-908.0,-1036.0,172,126,114,144,157
406,6968.0,-8873.0,428.0,35.0,-331.0,53.0,195,154,143,166,184
407,3465.0,-3821.0,379.0,591.0,367.0,369.0,194,147,133,168,185
408,-20.0,-1375.0,1002.0,-97.0,490.0,369.0,161,126,132,140,154
409,-290.0,-1474.0,175.0,-112.0,162.0,351.0,205,161,116,178,193
410,-228.0,-983.0,481.0,31.0,227.0,362.0,191,151,65,165,181
411,-163.0,-510.0,143.0,210.0,124.0,401.0,191,156,156,167,180
412,-81.0,-55.0,769.0,149.0,286.0,314.0,185,135,149,158,164
413,-245.0,104.0,293.0,-15.0,352.0,244.0,178,121,141,153,149
414,-292.0,-124.0,-85.0,-21.0,220.0,199.0,150,93,26,121,105
415,-438.0,-2.0,-147.0,24.0,68.0,193.0,153,87,100,123,104
416,-489.0,255.0,-221.0,-13.0,16.0,174.0,151,67,97,113,97
417,-308.0,610.0,-63.0,10.0,148.0,145.0,146,65,111,106,92
418,-754.0,1355.0,-869.0,174.0,96.0,53.0,161,73,102,105,104
419,-1196.0,3162.0,-2042.0,61.0,-83.0,-256.0,167,80,123,74,101
420,36.0,4792.0,-3659.0,-41.0,-534.0,-903.0,166,78,122,95,91
421,2492.0,3875.0,-3428.0,-301.0,-1194.0,-1209.0,172,79,138,101,93
422,9347.0,-1551.0,-1802.0,-889.0,-1235.0,-940.0,181,69,119,103,96
423,7658.0,-10983.0,784.0,379.0,446.0,47.0,186,81,137,111,110
424,-34.0,-924.0,-2657.0,407.0,248.0,197.0,168,72,123,98,94
425,942.0,-2099.0,356.0,-297.0,-28.0,118.0,166,65,121,90,98
426,822.0,-3564.0,699.0,158.0,114.0,349.0,163,61,122,82,92
427,570.0,-1526.0,423.0,246.0,227.0,413.0,161,68,128,92,96
428,394.0,-685.0,361.0,207.0,267.0,409.0,184,88,148,110,112
429,307.0,-506.0,313.0,154.0,335.0,408.0,151,55,117,81,84
430,145.0,-170.0,-8.0,128.0,294.0,448.0,143,50,98,75,76
431,328.0,167.0,98.0,150.0,299.0,386.0,143,47,113,78,75
432,-136.0,543.0,-183.0,100.0,306.0,354.0,146,52,108,75,74
433,-350.0,529.0,-411.0,62.0,221.0,303.0,146,49,114,83,72
434,-452.0,669.0,-484.0,101.0,124.0,226.0,149,54,95,85,68
435,-297.0,1473.0,-638.0,169.0,32.0,134.0,145,59,69,80,76
436,-256.0,2489.0,-1813.0,152.0,-59.0,-49.0,145,56,75,82,69
437,-470.0,3523.0,-2464.0,97.0,-230.0,-437.0,119,42,86,65,55
438,343.0,3699.0,-3233.0,-101.0,-559.0,-997.0,135,38,94,69,59
439,3341.0,2012.0,-2197.0,-253.0,-1067.0,-1215.0,143,53,100,68,69
440,9113.0,-4720.0,1796.0,-759.0,-847.0,-677.0,156,51,89,74,90
441,5137.0,-9139.0,459.0,-13.0,133.0,-43.0,149,50,115,80,90
442,1435.0,-2503.0,-484.0,252.0,233.0,229.0,143,50,94,77,90
443,152.0,-1350.0,-135.0,-84.0,92.0,132.0,146,44,108,69,77
444,282.0,-2042.0,731.0,-25.0,-17.0,162.0,143,44,108,68,75
445,404.0,-2028.0,394.0,14.0,73.0,228.0,139,46,105,65,76
446,490.0,-1433.0,347.0,-54.0,114.0,304.0,149,49,116,76,82
447,712.0,-816.0,518.0,-37.0,157.0,270.0,156,50,115,70,79
448,412.0,-1011.0,335.0,91.0,222.0,309.0,148,52,117,74,77
449,286.0,-365.0,-112.0,41.0,288.0,349.0,149,48,81,78,85
450,21.0,-314.0,-20.0,76.0,302.0,389.0,138,61,13,78,85
451,-81.0,-193.0,-345.0,165.0,225.0,394.0,135,53,66,64,70
452,-246.0,389.0,-311.0,135.0,206.0,398.0,125,61,95,77,74
453,-127.0,904.0,-543.0,161.0,216.0,385.0,122,68,88,73,69
454,-348.0,1090.0,-1017.0,163.0,157.0,304.0,120,72,82,81,67
455,-414.0,2663.0,-2427.0,184.0,-37.0,71.0,123,82,92,83,68
456,-694.0,4240.0,-3545.0,87.0,-467.0,-501.0,119,97,94,82,64
457,559.0,4257.0,-3597.0,-5.0,-1022.0,-1032.0,112,93,71,86,66
458,6993.0,1753.0,-1004.0,-101.0,-1434.0,-1065.0,114,107,122,85,85
459,8770.0,-5980.0,1654.0,-366.0,-1005.0,-409.0,121,74,116,78,77
460,5956.0,-5884.0,1547.0,337.0,277.0,124.0,125,53,108,75,90
461,204.0,-1413.0,1282.0,136.0,362.0,181.0,108,88,63,82,94
462,358.0,-1637.0,895.0,-242.0,167.0,217.0,116,64,84,87,97
463,545.0,-1889.0,1155.0,0.0,175.0,212.0,120,112,146,85,96
464,479.0,-1377.0,892.0,61.0,283.0,245.0,119,71,149,82,97
465,270.0,-933.0,656.0,36.0,282.0,317.0,111,109,122,79,91
466,297.0,-343.0,499.0,9.0,276.0,341.0,110,107,83,78,90
467,209.0,-171.0,264.0,44.0,316.0,353.0,110,101,85,79,87
468,0.0,128.0,-21.0,34.0,332.0,358.0,112,93,85,78,85
469,-135.0,342.0,-258.0,27.0,279.0,316.0,113,116,137,87,80
470,-383.0,407.0,-410.0,81.0,223.0,228.0,114,112,117,87,78
471,-398.0,676.0,-492.0,122.0,185.0,175.0,116,102,108,88,82
472,-496.0,1027.0,-795.0,101.0,122.0,144.0,118,102,114,88,85
473,-613.0,1822.0,-1577.0,113.0,31.0,6.0,118,119,115,90,85
474,-956.0,2706.0,-2846.0,59.0,-283.0,-335.0,110,110,119,79,71
475,-948.0,3569.0,-2794.0,-18.0,-775.0,-931.0,108,104,107,81,75
476,4659.0,2903.0,-2293.0,-162.0,-1421.0,-1171.0,103,111,85,90,91
477,6804.0,-5504.0,2272.0,-172.0,-773.0,-436.0,128,92,128,86,107
478,6067.0,-5654.0,2141.0,172.0,144.0,196.0,131,79,144,94,107
479,327.0,-1846.0,1202.0,220.0,385.0,171.0,125,107,107,90,103
480,-525.0,-692.0,455.0,-164.0,240.0,177.0,118,97,51,89,102
481,-322.0,-1381.0,462.0,-91.0,133.0,175.0,122,85,138,90,101
482,166.0,-1201.0,811.0,-57.0,185.0,174.0,125,101,150,92,103
483,193.0,-1174.0,592.0,-87.0,211.0,221.0,125,104,106,97,96
484,98.0,-848.0,434.0,-56.0,208.0,248.0,125,92,123,91,102
485,165.0,-635.0,833.0,-80.0,238.0,279.0,125,82,134,94,94
486,36.0,-388.0,320.0,-68.0,275.0,280.0,124,68,146,91,91
487,-219.0,-296.0,266.0,-28.0,216.0,289.0,131,55,74,88,86
488,-320.0,83.0,-102.0,-98.0,139.0,252.0,125,48,80,77,73
489,-455.0,418.0,-339.0,6.0,82.0,196.0,123,37,77,69,71
490,-426.0,1847.0,-439.0,26.0,60.0,114.0,125,34,92,70,65
491,-857.0,3308.0,-1859.0,161.0,34.0,-200.0,122,34,90,69,57
492,-1459.0,3493.0,-3169.0,57.0,-352.0,-565.0,128,33,85,68,58
493,790.0,4172.0,-2742.0,-57.0,-836.0,-1014.0,132,41,92,75,62
494,7256.0,383.0,-3129.0,-678.0,-1275.0,-879.0,145,42,63,78,70
495,8404.0,-9356.0,3156.0,-354.0,-180.0,-206.0,148,37,83,79,73
496,823.0,-6192.0,-1956.0,737.0,525.0,97.0,139,43,94,78,76
497,-441.0,-404.0,-1342.0,-172.0,158.0,163.0,134,35,107,75,70
498,455.0,-3098.0,237.0,-60.0,-31.0,171.0,129,42,107,76,72
499,659.0,-2045.0,785.0,132.0,83.0,265.0,137,43,111,73,72
500,403.0,-1087.0,564.0,140.0,174.0,279.0,141,43,111,74,69
501,59.0,-825.0,391.0,60.0,177.0,268.0,146,44,112,74,72
502,203.0,-774.0,347.0,48.0,151.0,281.0,145,47,113,76,74
503,283.0,-728.0,438.0,115.0,198.0,281.0,141,47,114,74,76
504,13.0,-233.0,103.0,80.0,271.0,275.0,147,47,118,82,76
505,-350.0,-41.0,-144.0,21.0,205.0,268.0,133,42,112,75,63
506,-305.0,-9.0,147.0,5.0,126.0,274.0,134,44,114,78,66
507,-156.0,661.0,100.0,138.0,161.0,263.0,130,43,110,74,65
508,-276.0,1733.0,-740.0,196.0,189.0,228.0,126,44,105,77,61
509,-1360.0,4001.0,-2826.0,180.0,20.0,-126.0,133,46,111,86,63
510,-1373.0,4975.0,-3869.0,-18.0,-419.0,-758.0,137,48,92,77,62
511,3104.0,3948.0,-2658.0,-202.0,-987.0,-1136.0,141,48,113,78,68
512,7359.0,-3365.0,-208.0,-281.0,-1041.0,-831.0,145,45,104,80,83
513,7212.0,-7418.0,2559.0,-165.0,-198.0,-153.0,147,39,98,75,83
514,2249.0,-4932.0,-1040.0,318.0,340.0,165.0,138,39,93,65,76
515,359.0,-1407.0,-325.0,-83.0,203.0,194.0,141,43,109,77,76
516,462.0,-2269.0,271.0,-6.0,74.0,233.0,144,44,111,76,79
517,139.0,-1395.0,571.0,74.0,86.0,245.0,143,47,112,77,81
518,281.0,-1125.0,763.0,62.0,165.0,256.0,144,48,106,79,83
519,375.0,-1093.0,622.0,0.0,261.0,296.0,146,50,91,76,85
520,137.0,-624.0,253.0,17.0,287.0,312.0,141,51,84,76,84
521,68.0,-411.0,357.0,52.0,236.0,333.0,142,49,76,74,84
522,81.0,-117.0,142.0,91.0,273.0,332.0,136,46,69,80,79
523,-65.0,-304.0,384.0,75.0,267.0,324.0,136,31,61,76,82
524,-331.0,-58.0,-397.0,68.0,206.0,331.0,129,42,74,77,73
525,-401.0,899.0,-218.0,106.0,119.0,356.0,131,40,86,78,75
526,-176.0,1542.0,-1258.0,146.0,83.0,274.0,134,42,75,78,73
527,-1327.0,4613.0,-3187.0,131.0,-72.0,-291.0,123,42,82,71,62
528,25.0,5069.0,-4377.0,-243.0,-546.0,-902.0,121,43,81,71,58
529,3163.0,5944.0,-4203.0,-379.0,-1237.0,-1497.0,116,42,73,74,62
530,11125.0,-2498.0,411.0,-738.0,-1067.0,-1013.0,95,27,79,74,70
531,8817.0,-10257.0,-97.0,432.0,414.0,6.0,89,28,94,67,72
532,382.0,-342.0,-1243.0,118.0,389.0,261.0,118,49,13,77,71
533,402.0,-2253.0,1021.0,-219.0,35.0,168.0,98,52,103,79,82
534,522.0,-2569.0,517.0,61.0,139.0,321.0,111,58,98,88,88
535,171.0,-1276.0,287.0,74.0,163.0,351.0,152,85,147,114,114
536,68.0,-874.0,198.0,34.0,162.0,318.0,150,90,146,115,118
537,159.0,-932.0,277.0,64.0,184.0,319.0,206,148,200,172,175
538,243.0,-620.0,185.0,74.0,180.0,354.0,254,193,246,217,219
539,106.0,-313.0,136.0,64.0,196.0,378.0,191,131,176,148,153
540,-214.0,-10.0,-107.0,47.0,212.0,357.0,149,74,135,103,104
541,-208.0,263.0,0.0,36.0,166.0,320.0,149,70,125,101,98
542,-344.0,653.0,-249.0,95.0,125.0,307.0,142,70,123,86,90
543,-498.0,1885.0,-648.0,86.0,93.0,191.0,146,68,122,96,88
544,-682.0,2329.0,-1368.0,116.0,18.0,-47.0,154,75,132,110,93
545,-638.0,3437.0,-2314.0,160.0,-178.0,-343.0,163,86,138,110,100
546,-339.0,4388.0,-3040.0,59.0,-564.0,-845.0,162,90,142,108,102
547,2901.0,2156.0,-2576.0,16.0,-1078.0,-1075.0,160,86,145,113,105
548,8072.0,-2084.0,3055.0,-217.0,-1020.0,-527.0,120,65,79,78,96
549,6072.0,-7643.0,3044.0,18.0,239.0,-96.0,200,140,172,163,177
550,1483.0,-2812.0,661.0,141.0,339.0,189.0,230,168,203,193,195
551,832.0,-2156.0,755.0,-245.0,192.0,180.0,200,133,183,160,170
552,34.0,-2468.0,434.0,-23.0,211.0,328.0,146,87,140,110,115
553,82.0,-915.0,672.0,81.0,174.0,354.0,173,111,152,136,140
554,-26.0,-376.0,737.0,8.0,259.0,250.0,180,116,167,134,146
555,-270.0,-618.0,204.0,-44.0,290.0,233.0,176,110,166,133,138
556,-324.0,-365.0,-167.0,-81.0,245.0,244.0,181,116,169,138,142
557,-180.0,-385.0,14.0,-16.0,173.0,262.0,144,73,127,96,98
558,14.0,-105.0,102.0,-18.0,215.0,281.0,144,70,111,90,95
559,-44.0,45.0,-108.0,-27.0,254.0,300.0,151,71,98,99,106
560,-82.0,406.0,-272.0,62.0,214.0,305.0,155,81,107,103,99
561,-164.0,741.0,-834.0,180.0,105.0,298.0,168,91,108,118,106
562,-384.0,1303.0,-2130.0,228.0,-79.0,188.0,180,105,99,126,113
563,-1533.0,2874.0,-3562.0,142.0,-292.0,-206.0,182,121,64,121,112
564,424.0,2286.0,-5548.0,225.0,-1038.0,-631.0,135,97,79,84,80
565,5997.0,266.0,-3220.0,614.0,-1624.0,-292.0,135,83,100,99,95
566,7793.0,1159.0,2098.0,731.0,-1339.0,-135.0,161,115,120,119,123
567,5928.0,479.0,7347.0,111.0,-152.0,-38.0,136,108,85,91,100
568,2326.0,142.0,3117.0,-46.0,164.0,-2.0,138,119,91,106,111
569,1075.0,-117.0,2590.0,-121.0,193.0,38.0,119,99,93,88,87
570,661.0,-238.0,1864.0,-135.0,272.0,45.0,125,114,104,96,100
571,718.0,-46.0,1918.0,-139.0,409.0,34.0,118,95,86,92,102
572,465.0,-536.0,1361.0,-100.0,361.0,48.0,122,110,123,103,108
573,380.0,22.0,1048.0,-153.0,344.0,73.0,130,115,128,104,112
574,320.0,59.0,766.0,-201.0,406.0,72.0,134,122,137,112,116
575,-107.0,-491.0,58.0,12.0,309.0,31.0,138,118,144,119,122
576,-10.0,283.0,386.0,-25.0,313.0,50.0,129,123,135,112,115
577,-62.0,183.0,-70.0,-134.0,363.0,67.0,99,86,106,85,80
578,-338.0,-66.0,-493.0,-100.0,316.0,130.0,102,87,101,80,74
579,-896.0,100.0,-1275.0,109.0,148.0,52.0,94,91,101,85,76
580,-647.0,1028.0,-958.0,124.0,-15.0,-1.0,99,93,111,90,83
581,-1009.0,816.0,-2044.0,74.0,-189.0,-94.0,96,95,88,85,81
582,-1052.0,668.0,-5208.0,400.0,-884.0,-190.0,104,103,98,81,86
583,4076.0,975.0,-3353.0,456.0,-1488.0,-80.0,108,88,97,93,87
584,5524.0,650.0,3728.0,391.0,-1017.0,45.0,125,111,108,97,102
585,5110.0,1809.0,5817.0,156.0,-164.0,-47.0,112,97,81,82,92
586,2845.0,737.0,3656.0,-48.0,125.0,10.0,111,97,72,82,92
587,1601.0,63.0,2432.0,-173.0,235.0,63.0,114,97,87,81,83
588,556.0,117.0,1525.0,-178.0,276.0,49.0,123,106,103,89,90
589,433.0,124.0,1380.0,-145.0,318.0,37.0,131,103,113,101,101
590,574.0,-19.0,1206.0,-157.0,337.0,94.0,130,100,112,101,107
591,468.0,-73.0,1202.0,-292.0,416.0,152.0,133,106,97,103,108
592,654.0,283.0,750.0,-381.0,510.0,175.0,134,103,101,101,105
593,603.0,319.0,442.0,-347.0,567.0,165.0,134,111,93,99,105
594,556.0,336.0,-99.0,-277.0,597.0,142.0,116,89,84,78,79
595,2.0,70.0,-494.0,-171.0,504.0,132.0,111,89,90,82,79
596,-191.0,23.0,-500.0,28.0,348.0,128.0,113,91,80,84,82
597,-617.0,-40.0,-1180.0,-25.0,171.0,127.0,113,93,81,95,90
598,-825.0,339.0,-848.0,7.0,80.0,127.0,112,92,110,71,107
599,-389.0,814.0,-1291.0,70.0,-7.0,105.0,127,107,118,100,112
600,-642.0,1534.0,-2253.0,25.0,-267.0,-95.0,124,96,104,113,106
601,-821.0,2505.0,-2118.0,-68.0,-437.0,-414.0,131,100,110,113,118
602,238.0,2618.0,-2460.0,-357.0,-725.0,-927.0,130,96,103,114,123
603,4682.0,1946.0,-534.0,-348.0,-794.0,-1175.0,135,68,102,120,130
604,6800.0,-6270.0,207.0,-460.0,-895.0,-581.0,146,83,115,118,131
605,4681.0,-7664.0,1095.0,208.0,37.0,210.0,133,65,101,113,125
606,1464.0,-2539.0,952.0,425.0,444.0,308.0,131,97,52,111,126
607,297.0,-1097.0,225.0,68.0,398.0,330.0,132,104,80,114,126
608,-133.0,-1100.0,202.0,115.0,87.0,302.0,134,116,69,116,126
609,-130.0,-1041.0,557.0,-70.0,132.0,260.0,142,120,106,124,133
610,-105.0,-590.0,573.0,42.0,133.0,269.0,142,124,89,127,137
611,-163.0,-261.0,137.0,102.0,188.0,272.0,149,120,108,128,135
612,-12.0,-91.0,200.0,62.0,263.0,266.0,143,123,110,124,132
613,-140.0,27.0,-93.0,77.0,215.0,263.0,138,125,100,126,133
614,-108.0,282.0,60.0,98.0,135.0,236.0,118,111,85,109,117
615,-373.0,174.0,547.0,-4.0,155.0,180.0,120,107,102,108,116
616,-479.0,398.0,-253.0,78.0,150.0,151.0,131,103,117,119,120
617,-597.0,1269.0,-937.0,153.0,89.0,92.0,128,114,119,120,122
618,-1208.0,1969.0,-2446.0,170.0,-120.0,-164.0,129,116,143,122,127
619,-1451.0,2521.0,-1992.0,0.0,-422.0,-633.0,139,121,117,122,129
620,304.0,2860.0,-1413.0,-78.0,-716.0,-1023.0,135,107,123,117,122
621,7811.0,-2532.0,-1226.0,-203.0,-1225.0,-721.0,129,103,114,121,131
622,5967.0,-5932.0,2621.0,131.0,-353.0,14.0,131,99,118,112,130
623,2837.0,-3026.0,2587.0,359.0,474.0,233.0,131,109,102,116,135
624,244.0,-1027.0,1616.0,227.0,566.0,179.0,143,125,104,111,144
625,-293.0,-668.0,462.0,-60.0,308.0,210.0,141,128,26,94,119
626,-175.0,-896.0,1857.0,-112.0,209.0,192.0,141,123,152,88,112
627,51.0,-1355.0,965.0,-109.0,230.0,225.0,140,93,93,99,118
628,180.0,-844.0,514.0,92.0,302.0,241.0,127,110,115,72,98
629,-21.0,-399.0,350.0,83.0,330.0,259.0,122,89,97,73,95
630,72.0,-252.0,347.0,15.0,339.0,262.0,117,92,100,71,93
631,41.0,-170.0,-218.0,39.0,286.0,261.0,96,89,84,60,64
632,-502.0,220.0,-382.0,57.0,210.0,264.0,86,90,75,60,55
633,-423.0,602.0,-715.0,54.0,123.0,217.0,92,82,68,66,65
634,-476.0,1242.0,-1590.0,143.0,22.0,79.0,91,92,84,70,68
635,-1807.0,2480.0,-4342.0,159.0,-432.0,-194.0,89,86,82,67,65
636,688.0,3152.0,-5594.0,242.0,-1195.0,-521.0,95,79,83,75,72
637,5682.0,-167.0,-2462.0,381.0,-1482.0,-286.0,102,91,100,82,78
638,5900.0,527.0,3348.0,616.0,-1029.0,-204.0,115,85,105,82,90
639,4916.0,506.0,6074.0,246.0,-155.0,-84.0,116,102,105,77,89
640,2814.0,250.0,3894.0,-173.0,208.0,82.0,106,80,96,70,81
641,1513.0,-183.0,2727.0,-240.0,328.0,115.0,102,76,94,67,76
642,882.0,161.0,2022.0,-232.0,478.0,100.0,99,75,112,80,83
643,145.0,113.0,1279.0,-247.0,520.0,79.0,102,69,103,79,93
644,-291.0,-124.0,489.0,-143.0,400.0,59.0,95,110,123,86,93
645,325.0,136.0,660.0,-179.0,370.0,61.0,102,105,122,87,99
646,-75.0,44.0,240.0,-186.0,354.0,75.0,107,115,124,88,98
647,-404.0,-319.0,49.0,-129.0,279.0,83.0,104,107,119,83,91
648,60.0,-21.0,244.0,-70.0,254.0,70.0,88,86,107,70,73
649,-187.0,-14.0,-44.0,-100.0,253.0,80.0,90,86,102,74,79
650,-595.0,5.0,-350.0,-82.0,183.0,143.0,94,99,98,67,79
651,-362.0,322.0,-590.0,-58.0,112.0,203.0,95,93,92,70,70
652,-687.0,1364.0,-1725.0,90.0,47.0,20.0,102,90,104,73,74
653,-2657.0,2437.0,-4616.0,217.0,-465.0,-408.0,99,102,109,75,76
654,1942.0,2967.0,-3815.0,192.0,-1379.0,-566.0,90,96,120,77,75
655,7445.0,-1673.0,-50.0,251.0,-1515.0,-272.0,110,100,113,85,92
656,6017.0,-1008.0,4880.0,491.0,-670.0,-168.0,119,96,115,80,104
657,3868.0,-640.0,5446.0,46.0,147.0,-64.0,111,100,107,76,86
658,2054.0,-502.0,2766.0,-205.0,395.0,95.0,109,80,89,71,88
659,894.0,-679.0,2236.0,-198.0,412.0,130.0,112,72,114,78,85
660,298.0,-441.0,1781.0,-150.0,346.0,166.0,107,100,91,81,101
661,339.0,-543.0,1651.0,-113.0,371.0,174.0,116,85,113,85,90
662,431.0,-313.0,1024.0,-118.0,381.0,168.0,126,104,101,77,100
663,416.0,-80.0,674.0,-137.0,449.0,143.0,130,107,111,80,99
664,234.0,-181.0,511.0,-124.0,472.0,159.0,122,105,119,75,95
665,-14.0,-182.0,67.0,-85.0,422.0,193.0,108,94,102,78,73
666,-91.0,-53.0,13.0,-58.0,383.0,215.0,115,99,70,73,81
667,-139.0,6.0,-201.0,-42.0,344.0,231.0,115,105,96,82,78
668,-375.0,163.0,-623.0,34.0,287.0,211.0,109,98,120,86,73
669,-655.0,586.0,-1017.0,132.0,188.0,156.0,124,97,90,83,79
670,-462.0,1196.0,-1200.0,123.0,80.0,79.0,126,110,112,87,84
671,-530.0,1960.0,-2400.0,59.0,-122.0,-96.0,125,116,81,87,84
672,-961.0,2791.0,-3096.0,107.0,-505.0,-471.0,116,119,88,91,77
673,515.0,3491.0,-3864.0,-39.0,-1061.0,-896.0,102,109,80,90,76
674,5999.0,273.0,-1620.0,-348.0,-1449.0,-886.0,80,112,75,72,61
675,6872.0,-4603.0,1979.0,-151.0,-886.0,-312.0,106,94,124,79,83
676,5572.0,-4820.0,2473.0,301.0,135.0,31.0,116,73,109,81,92
677,1087.0,-1862.0,1874.0,250.0,378.0,104.0,90,104,109,84,88
678,305.0,-1236.0,1917.0,-139.0,244.0,226.0,107,115,91,93,96
679,-64.0,-1203.0,1112.0,-70.0,228.0,212.0,97,130,24,94,103
680,-88.0,-837.0,956.0,7.0,273.0,189.0,110,109,131,99,102
681,-135.0,-625.0,704.0,16.0,293.0,206.0,114,129,120,100,107
682,-82.0,-281.0,471.0,-9.0,293.0,222.0,99,123,97,93,97
683,-13.0,-178.0,321.0,-12.0,293.0,211.0,105,118,107,87,82
684,-132.0,-88.0,239.0,-5.0,278.0,187.0,97,121,75,84,75
685,-281.0,-8.0,84.0,-34.0,241.0,172.0,98,112,108,87,81
686,-247.0,199.0,41.0,-77.0,205.0,167.0,110,127,99,98,90
687,-246.0,291.0,-178.0,-63.0,201.0,184.0,111,129,126,95,90
688,-400.0,1129.0,-1019.0,57.0,168.0,183.0,111,128,126,99,90
689,-1262.0,2229.0,-2730.0,229.0,-69.0,-114.0,117,132,111,84,83
690,-1091.0,3512.0,-2969.0,173.0,-545.0,-575.0,116,135,129,98,88
691,548.0,2615.0,-2171.0,-8.0,-1155.0,-856.0,91,117,92,74,82
692,6473.0,-2195.0,-974.0,-381.0,-1453.0,-618.0,113,120,96,87,101
693,7208.0,-5909.0,3088.0,20.0,-267.0,-57.0,135,108,122,104,121
694,2557.0,-3644.0,1669.0,282.0,475.0,46.0,125,113,112,100,126
695,641.0,-1543.0,1380.0,80.0,523.0,102.0,118,121,115,105,116
696,455.0,-1061.0,458.0,-197.0,342.0,203.0,115,111,20,102,115
697,115.0,-1235.0,584.0,-187.0,193.0,253.0,105,116,132,88,94
698,277.0,-968.0,534.0,-61.0,251.0,269.0,110,109,89,88,92
699,210.0,-524.0,204.0,31.0,309.0,275.0,116,104,76,89,97
700,-150.0,-86.0,146.0,4.0,339.0,266.0,126,131,88,101,102
701,-162.0,-150.0,-160.0,73.0,328.0,265.0,105,121,140,106,93
702,-207.0,34.0,-479.0,77.0,264.0,283.0,131,123,152,104,91
703,-286.0,460.0,-407.0,125.0,202.0,255.0,130,101,101,97,87
704,-403.0,720.0,-610.0,79.0,154.0,206.0,125,98,114,90,91
705,-661.0,999.0,-2133.0,142.0,-2.0,66.0,98,79,96,73,69
706,-1992.0,1935.0,-3601.0,219.0,-343.0,-291.0,82,74,13,68,62
707,1108.0,2276.0,-4279.0,219.0,-1130.0,-423.0,80,55,65,61,65
708,5656.0,-1007.0,-1078.0,345.0,-1385.0,-226.0,89,61,84,73,77
709,4749.0,143.0,3948.0,653.0,-761.0,-141.0,109,81,92,81,98
710,3404.0,326.0,5757.0,192.0,43.0,-88.0,113,88,86,82,104
711,1659.0,222.0,3564.0,-118.0,227.0,38.0,116,98,107,83,105
712,1079.0,-178.0,2883.0,-224.0,271.0,84.0,109,93,103,91,98
713,642.0,-71.0,1707.0,-260.0,358.0,83.0,92,87,97,80,104
714,8.0,-273.0,1086.0,-176.0,369.0,74.0,81,68,78,65,86
715,-42.0,-214.0,871.0,-103.0,292.0,54.0,91,83,90,81,84
716,-110.0,-45.0,898.0,-121.0,299.0,48.0,95,81,102,71,92
717,-196.0,-232.0,492.0,-121.0,306.0,60.0,94,88,105,81,92
718,-137.0,-223.0,240.0,-62.0,251.0,96.0,86,87,107,86,90
719,-98.0,177.0,285.0,-92.0,218.0,80.0,98,96,113,89,95
720,-156.0,-90.0,213.0,-89.0,217.0,76.0,105,98,108,87,99
721,-376.0,-98.0,-169.0,-45.0,212.0,110.0,104,93,107,87,85
722,-429.0,674.0,-1034.0,42.0,158.0,72.0,95,97,91,79,76
723,-1681.0,1198.0,-3262.0,131.0,-92.0,-108.0,89,90,89,74,71
724,-1483.0,2458.0,-4843.0,318.0,-822.0,-327.0,78,81,87,72,68
725,3431.0,807.0,-3024.0,174.0,-1425.0,-226.0,86,93,94,74,72
726,5816.0,-564.0,2023.0,439.0,-1107.0,-130.0,110,95,102,77,94
727,5000.0,35.0,5730.0,273.0,-198.0,-148.0,120,103,106,81,105
728,3013.0,-118.0,3915.0,-87.0,214.0,4.0,120,106,102,92,107
729,1770.0,-573.0,2247.0,-199.0,278.0,120.0,120,106,100,88,99
730,1013.0,-310.0,1819.0,-276.0,331.0,168.0,119,102,119,68,98
731,425.0,-220.0,1616.0,-274.0,300.0,198.0,107,77,100,63,88
732,227.0,-303.0,1563.0,-253.0,354.0,220.0,115,89,100,70,90
733,577.0,-366.0,927.0,-269.0,422.0,201.0,130,67,88,87,97
734,590.0,-272.0,716.0,-171.0,547.0,189.0,135,74,101,90,103
735,163.0,-40.0,239.0,-260.0,513.0,220.0,134,78,99,84,94
736,-205.0,-3.0,40.0,-79.0,360.0,203.0,113,78,89,89,96
737,-49.0,5.0,281.0,13.0,341.0,165.0,119,66,95,94,97
738,-391.0,172.0,-679.0,-47.0,302.0,145.0,129,63,126,91,97
739,-1047.0,658.0,-328.0,38.0,168.0,117.0,138,52,104,79,90
740,-520.0,1569.0,-1167.0,84.0,13.0,66.0,115,41,109,79,79
741,-668.0,2739.0,-2243.0,105.0,8.0,-224.0,131,41,94,76,72
742,-1115.0,4707.0,-4066.0,-59.0,-434.0,-751.0,134,43,103,76,65
743,2114.0,3681.0,-2902.0,-137.0,-1090.0,-1128.0,111,48,92,81,77
744,8523.0,-3161.0,-641.0,-133.0,-1313.0,-789.0,113,42,71,74,81
745,8116.0,-7940.0,3884.0,360.0,101.0,-68.0,120,50,94,77,95
746,1137.0,-3445.0,1178.0,432.0,492.0,38.0,127,52,22,92,100
747,279.0,-1387.0,1188.0,-253.0,301.0,183.0,124,50,120,90,93
748,487.0,-2390.0,1041.0,-219.0,232.0,216.0,109,36,106,73,77
749,-101.0,-1481.0,962.0,-84.0,171.0,343.0,118,44,106,59,80
750,185.0,-696.0,645.0,-107.0,236.0,333.0,121,45,110,74,83
751,41.0,-751.0,360.0,-80.0,264.0,314.0,121,44,110,74,75
752,-241.0,-520.0,-151.0,-29.0,213.0,301.0,127,52,114,79,78
753,-268.0,-184.0,121.0,-37.0,144.0,246.0,135,58,105,87,82
754,-366.0,62.0,61.0,-32.0,133.0,190.0,136,57,113,88,79
755,-376.0,-74.0,64.0,-15.0,136.0,165.0,136,58,116,82,82
756,-533.0,228.0,-20.0,42.0,107.0,179.0,139,58,118,90,78
757,-348.0,767.0,-90.0,33.0,71.0,150.0,122,44,104,68,65
758,-542.0,1116.0,-571.0,66.0,59.0,38.0,124,43,105,76,65
759,-367.0,1942.0,-1080.0,106.0,-16.0,-49.0,125,47,100,78,72
760,-943.0,3864.0,-1909.0,117.0,-215.0,-435.0,126,48,94,83,70
761,352.0,4593.0,-3413.0,-126.0,-631.0,-1063.0,129,53,115,75,66
762,5085.0,-613.0,-2084.0,-119.0,-1103.0,-1146.0,117,54,91,83,80
763,8897.0,-8803.0,4881.0,623.0,-264.0,-153.0,120,48,87,82,87
764,1282.0,-2122.0,1343.0,526.0,305.0,91.0,129,57,109,93,97
765,-410.0,-586.0,1738.0,-161.0,194.0,84.0,109,40,108,73,79
766,50.0,-1450.0,1308.0,-2.0,253.0,67.0,97,48,113,82,81
767,-653.0,-822.0,442.0,207.0,206.0,62.0,123,44,107,77,85
768,-689.0,-272.0,26.0,150.0,87.0,-6.0,120,48,108,79,85
769,-217.0,-705.0,333.0,82.0,-18.0,-34.0,129,55,120,88,92
770,34.0,-657.0,711.0,150.0,-3.0,-26.0,123,60,127,92,98
771,-149.0,-388.0,819.0,216.0,-7.0,-31.0,127,60,127,93,99
772,-199.0,-213.0,838.0,172.0,28.0,-61.0,139,63,125,96,100
773,-51.0,-623.0,911.0,199.0,75.0,-71.0,140,62,119,95,99
774,-181.0,-549.0,702.0,258.0,113.0,-66.0,127,45,104,79,83
775,-218.0,-507.0,649.0,261.0,112.0,-82.0,122,48,104,80,85
776,176.0,-1188.0,578.0,280.0,58.0,-60.0,127,51,110,85,90
777,1269.0,-2523.0,973.0,301.0,-40.0,130.0,123,50,111,92,92
778,2228.0,-2900.0,2344.0,64.0,87.0,451.0,143,55,88,90,94
779,2753.0,-2155.0,1369.0,-180.0,138.0,821.0,150,58,88,97,93
780,2040.0,1244.0,2450.0,-263.0,67.0,830.0,151,56,113,98,83
781,727.0,2997.0,904.0,-115.0,109.0,563.0,148,64,121,93,84
782,-125.0,4200.0,674.0,162.0,108.0,133.0,149,52,110,85,68
783,-512.0,4098.0,837.0,119.0,51.0,-61.0,145,46,104,81,60
784,-212.0,2321.0,717.0,36.0,2.0,-272.0,143,45,115,81,58
785,162.0,562.0,551.0,21.0,-44.0,-307.0,144,41,116,82,62
786,309.0,-366.0,829.0,46.0,-78.0,-273.0,152,60,125,92,75
787,222.0,-288.0,1074.0,88.0,-52.0,-274.0,148,61,103,94,82
788,-22.0,-336.0,636.0,132.0,-63.0,-235.0,155,58,104,97,87
789,-194.0,551.0,532.0,93.0,-138.0,-270.0,155,57,111,93,88
790,26.0,70.0,900.0,84.0,-190.0,-284.0,157,59,116,96,92
791,7.0,-73.0,1146.0,136.0,-151.0,-257.0,143,45,96,82,80
792,-116.0,166.0,996.0,151.0,-124.0,-203.0,146,46,107,86,83
793,52.0,-276.0,1027.0,30.0,-123.0,-155.0,151,47,110,88,85
794,534.0,-938.0,1087.0,-6.0,-101.0,-84.0,148,49,110,89,84
795,1288.0,-2234.0,1195.0,29.0,-51.0,50.0,153,57,105,94,89
796,2213.0,-2803.0,1873.0,-26.0,44.0,373.0,159,60,109,97,96
797,2520.0,-1773.0,1956.0,-319.0,197.0,755.0,160,62,105,97,98
798,3093.0,-7.0,2082.0,-401.0,281.0,927.0,162,64,111,99,97
799,2145.0,2160.0,2650.0,-156.0,306.0,797.0,155,62,116,88,91
800,537.0,3736.0,2348.0,80.0,507.0,241.0,139,50,96,75,72
801,257.0,3740.0,1750.0,44.0,539.0,28.0,140,40,81,62,64
802,-427.0,2206.0,799.0,-29.0,446.0,-185.0,143,48,96,74,64
803,-213.0,-217.0,433.0,-88.0,371.0,-182.0,146,59,112,77,79
804,-704.0,-551.0,-49.0,-92.0,318.0,-104.0,143,59,97,86,75
805,-650.0,-446.0,-70.0,-18.0,183.0,-103.0,141,57,89,92,84
806,-341.0,-1039.0,-160.0,174.0,176.0,-52.0,136,61,88,102,99
807,-806.0,-667.0,-60.0,155.0,236.0,10.0,134,59,95,86,109
808,-659.0,-99.0,-230.0,73.0,203.0,54.0,123,56,118,84,88
809,-554.0,221.0,-713.0,39.0,105.0,85.0,129,64,104,105,95
810,-463.0,765.0,-445.0,118.0,52.0,41.0,126,67,95,108,99
811,-479.0,1186.0,-854.0,103.0,53.0,-71.0,128,72,80,108,101
812,-389.0,1382.0,-1489.0,80.0,-65.0,-224.0,134,88,77,113,103
813,-702.0,1482.0,-1948.0,65.0,-271.0,-451.0,139,96,108,119,111
814,-579.0,2093.0,-2361.0,-36.0,-511.0,-738.0,141,101,135,121,118
815,1302.0,2543.0,-2085.0,-86.0,-658.0,-888.0,138,103,125,119,122
816,7519.0,-1574.0,-514.0,-262.0,-1033.0,-809.0,139,61,118,110,113
817,5454.0,-5794.0,2613.0,181.0,-521.0,-122.0,156,76,119,119,134
818,2733.0,-3384.0,2932.0,310.0,378.0,220.0,143,55,102,110,123
819,549.0,-1542.0,1690.0,-14.0,481.0,249.0,149,80,120,113,127
820,48.0,-1226.0,518.0,-289.0,276.0,244.0,154,113,122,121,134
821,-308.0,-1229.0,497.0,-80.0,56.0,264.0,146,104,111,128,130
822,-169.0,-1084.0,1173.0,30.0,134.0,340.0,145,111,126,126,130
823,30.0,-331.0,567.0,-21.0,254.0,335.0,145,115,125,127,130
824,-157.0,60.0,171.0,6.0,304.0,289.0,146,107,96,127,131
825,-332.0,-68.0,-306.0,78.0,203.0,276.0,129,102,71,112,118
826,-256.0,-82.0,44.0,7.0,148.0,226.0,142,106,97,117,120
827,-611.0,-27.0,-2.0,15.0,91.0,186.0,127,101,69,118,120
828,-470.0,605.0,-255.0,11.0,123.0,180.0,125,100,97,117,117
829,-558.0,690.0,-675.0,123.0,87.0,151.0,135,106,99,120,124
830,-609.0,2131.0,-1646.0,257.0,-27.0,63.0,141,108,88,127,129
831,-1050.0,3135.0,-2454.0,113.0,-320.0,-347.0,143,113,116,128,126
832,-1145.0,2923.0,-1643.0,-212.0,-567.0,-1017.0,136,95,108,115,118
833,5511.0,3485.0,-2753.0,-415.0,-1166.0,-1313.0,142,108,98,126,130
834,6257.0,-8189.0,1572.0,-497.0,-612.0,-618.0,137,97,105,116,129
835,4593.0,-5793.0,1371.0,241.0,252.0,301.0,142,56,125,125,135
836,671.0,-366.0,1182.0,329.0,590.0,231.0,145,94,119,128,139
837,-933.0,-35.0,163.0,46.0,367.0,127.0,151,91,113,113,114
838,-1038.0,-918.0,-344.0,133.0,102.0,101.0,151,81,153,114,110
839,-621.0,-769.0,52.0,192.0,3.0,96.0,136,52,126,87,105
840,-679.0,-474.0,1188.0,-108.0,-140.0,78.0,122,47,11,93,84
841,-269.0,-508.0,694.0,367.0,-4.0,69.0,121,46,11,75,96
842,-406.0,-446.0,-1048.0,350.0,-28.0,26.0,134,43,100,76,92
843,-243.0,-108.0,481.0,361.0,-112.0,-23.0,148,53,94,91,98
844,45.0,-215.0,1026.0,357.0,38.0,-80.0,149,59,104,87,96
845,-267.0,-263.0,750.0,371.0,81.0,-102.0,148,58,112,86,97
846,83.0,-839.0,566.0,325.0,-31.0,-67.0,149,60,102,86,90
847,1085.0,-1856.0,1768.0,245.0,-46.0,77.0,153,60,105,90,89
848,1901.0,-2795.0,2193.0,40.0,99.0,335.0,138,42,108,71,75
849,2140.0,-1949.0,1646.0,-132.0,183.0,665.0,141,44,96,78,73
850,2169.0,58.0,1416.0,-144.0,180.0,800.0,145,47,70,67,74
851,1262.0,2410.0,848.0,-124.0,171.0,653.0,147,48,96,81,73
852,-64.0,4335.0,489.0,61.0,134.0,172.0,152,55,111,76,74
853,-209.0,4149.0,716.0,42.0,98.0,-16.0,151,59,123,88,69
854,-299.0,2977.0,361.0,-25.0,37.0,-206.0,153,59,97,87,69
855,21.0,878.0,435.0,-43.0,-22.0,-245.0,150,61,112,92,74
856,129.0,-249.0,816.0,5.0,-46.0,-206.0,147,53,116,79,65
857,-10.0,-227.0,1055.0,13.0,-18.0,-200.0,147,50,116,82,69
858,-105.0,-361.0,958.0,38.0,-29.0,-138.0,143,44,113,79,66
859,-335.0,-295.0,875.0,-13.0,-31.0,-129.0,146,51,108,82,68
860,-533.0,-131.0,948.0,70.0,-37.0,-185.0,150,59,125,91,82
861,-357.0,-263.0,595.0,95.0,-72.0,-147.0,149,59,116,90,83
862,-262.0,312.0,1051.0,23.0,-53.0,-149.0,155,64,135,95,86
863,-360.0,100.0,906.0,6.0,-49.0,-188.0,153,60,131,93,83
864,-378.0,-213.0,692.0,52.0,-72.0,-198.0,156,62,110,94,87
865,-308.0,-316.0,792.0,65.0,-109.0,-162.0,141,46,106,81,71
866,193.0,-1226.0,1167.0,-55.0,-75.0,-83.0,148,52,112,84,75
867,1027.0,-2878.0,1355.0,-86.0,-1.0,83.0,146,56,109,85,76
868,1961.0,-3458.0,1973.0,-122.0,98.0,417.0,146,52,122,86,84
869,1869.0,-1426.0,1733.0,-311.0,136.0,742.0,153,59,125,87,86
870,1193.0,1420.0,1601.0,-304.0,83.0,739.0,156,62,104,93,82
871,236.0,3452.0,2264.0,96.0,252.0,327.0,154,64,116,90,78
872,-473.0,4045.0,1406.0,175.0,289.0,99.0,155,65,94,94,77
873,-824.0,3540.0,818.0,-27.0,234.0,-161.0,149,53,101,80,80
874,-397.0,89.0,890.0,-49.0,213.0,-288.0,140,51,76,74,70
875,-514.0,-1120.0,1336.0,-14.0,209.0,-184.0,138,45,5,70,62
876,-503.0,-1069.0,813.0,-162.0,300.0,-95.0,141,52,14,79,67
877,-286.0,-1266.0,531.0,-27.0,222.0,-77.0,148,61,20,88,69
878,-727.0,-1330.0,93.0,142.0,217.0,-25.0,148,61,22,83,78
879,-825.0,-407.0,24.0,16.0,256.0,20.0,150,64,25,85,87
880,-750.0,-449.0,-71.0,-33.0,184.0,77.0,144,76,110,90,82
881,-611.0,-167.0,-48.0,28.0,171.0,114.0,152,78,114,97,88
882,-691.0,405.0,-347.0,116.0,173.0,102.0,139,70,102,86,77
883,-590.0,983.0,-504.0,106.0,168.0,45.0,139,81,102,88,83
884,-442.0,1544.0,-1372.0,92.0,76.0,-91.0,131,84,72,86,79
885,-551.0,2442.0,-2490.0,66.0,-218.0,-395.0,126,97,63,78,84
886,-248.0,2632.0,-2918.0,-6.0,-601.0,-733.0,123,98,99,87,84
887,549.0,2027.0,-4168.0,-129.0,-1095.0,-957.0,117,112,125,85,77
888,6050.0,-1383.0,-1179.0,-321.0,-1235.0,-781.0,123,109,26,85,95
889,5857.0,-4506.0,1422.0,49.0,-577.0,-202.0,126,93,111,93,94
890,4104.0,-3711.0,2403.0,244.0,170.0,47.0,131,73,90,96,105
891,1109.0,-2425.0,1455.0,136.0,331.0,144.0,117,92,118,77,91
892,383.0,-1789.0,1103.0,-89.0,239.0,282.0,127,95,91,77,86
893,128.0,-1211.0,927.0,-38.0,218.0,288.0,131,124,68,82,93
894,-187.0,-670.0,801.0,21.0,260.0,274.0,133,113,125,84,88
895,-291.0,-373.0,469.0,42.0,259.0,277.0,135,122,75,87,90
896,-250.0,-155.0,423.0,21.0,245.0,283.0,143,132,109,95,93
897,-55.0,-236.0,350.0,53.0,251.0,260.0,143,133,85,94,89
898,-203.0,-217.0,223.0,106.0,257.0,212.0,141,131,100,98,91
899,-239.0,-8.0,105.0,87.0,262.0,181.0,133,122,112,89,77
900,-535.0,336.0,-89.0,29.0,220.0,174.0,129,116,127,88,75
901,-582.0,1056.0,-694.0,1.0,145.0,122.0,126,114,130,86,75
902,-1113.0,2542.0,-2235.0,70.0,-1.0,-121.0,126,118,124,85,76
903,-1413.0,3766.0,-3241.0,21.0,-485.0,-612.0,132,129,146,93,83
904,701.0,2645.0,-3198.0,-82.0,-1048.0,-952.0,131,126,120,91,92
905,6220.0,-1319.0,-422.0,-7.0,-1178.0,-791.0,148,88,121,96,112
906,6233.0,-4621.0,2084.0,123.0,-451.0,-90.0,153,99,134,104,109
907,3054.0,-3000.0,2270.0,138.0,196.0,25.0,157,101,117,105,120
908,362.0,-1476.0,1562.0,82.0,255.0,52.0,139,88,84,83,101
909,41.0,-1046.0,748.0,30.0,187.0,107.0,139,98,86,88,103
910,-118.0,-794.0,861.0,72.0,127.0,80.0,145,109,108,96,113
911,-257.0,-446.0,1041.0,126.0,181.0,41.0,147,122,125,102,116
912,-205.0,-402.0,882.0,174.0,254.0,10.0,149,116,87,107,115
913,-86.0,-238.0,767.0,222.0,241.0,0.0,154,111,51,109,118
914,-304.0,-202.0,559.0,246.0,236.0,2.0,156,85,27,109,113
915,-521.0,-49.0,399.0,223.0,195.0,-33.0,155,72,99,109,92
916,-491.0,-234.0,213.0,278.0,147.0,-50.0,149,53,87,92,96
917,-470.0,-253.0,184.0,310.0,45.0,-49.0,143,52,77,92,91
918,-176.0,-933.0,519.0,332.0,-77.0,-52.0,140,46,80,85,86
919,1215.0,-2116.0,1629.0,256.0,-102.0,111.0,145,47,73,85,81
920,1866.0,-2803.0,2974.0,-47.0,77.0,412.0,154,57,81,99,88
921,2339.0,-2560.0,2348.0,-260.0,143.0,754.0,153,54,86,91,81
922,1565.0,827.0,1583.0,-198.0,96.0,747.0,158,61,107,95,83
923,414.0,3196.0,1108.0,-108.0,65.0,480.0,159,63,125,93,74
924,-88.0,3950.0,732.0,91.0,96.0,110.0,159,64,115,89,76
925,-467.0,4020.0,605.0,33.0,27.0,-73.0,140,48,105,73,52
926,-22.0,2015.0,520.0,-44.0,-16.0,-226.0,144,55,114,82,61
927,178.0,250.0,686.0,-16.0,-20.0,-216.0,147,55,124,84,62
928,148.0,-316.0,1037.0,55.0,-4.0,-175.0,150,56,124,84,67
929,-73.0,-185.0,1118.0,67.0,7.0,-156.0,152,54,124,89,69
930,-231.0,-15.0,1010.0,29.0,0.0,-143.0,156,60,123,96,77
931,-497.0,-161.0,799.0,59.0,-32.0,-163.0,160,63,119,98,81
932,-417.0,27.0,797.0,110.0,-64.0,-192.0,162,67,114,101,82
933,-304.0,28.0,735.0,160.0,-82.0,-180.0,159,64,122,99,81
934,-420.0,260.0,890.0,108.0,-91.0,-198.0,148,54,110,87,71
935,-258.0,31.0,975.0,67.0,-109.0,-223.0,146,52,98,84,71
936,-169.0,-504.0,978.0,77.0,-130.0,-179.0,149,55,113,88,74
937,250.0,-1122.0,1010.0,77.0,-178.0,-77.0,156,61,128,96,88
938,1333.0,-2992.0,1980.0,41.0,-100.0,149.0,158,64,119,96,94
939,2330.0,-3228.0,2400.0,-32.0,122.0,503.0,159,71,130,101,98
940,2098.0,-112.0,2162.0,-354.0,192.0,754.0,162,63,131,98,93
941,1662.0,1588.0,1656.0,-547.0,178.0,752.0,161,71,112,98,89
942,304.0,4039.0,2245.0,-234.0,240.0,328.0,154,57,127,83,74
943,-71.0,2988.0,2268.0,103.0,262.0,25.0,150,58,108,81,63
944,301.0,2116.0,2021.0,-183.0,405.0,-63.0,142,51,127,81,63
945,138.0,279.0,1394.0,-269.0,397.0,-127.0,144,49,81,78,67
946,-335.0,-1305.0,681.0,-198.0,363.0,-72.0,153,61,114,84,77
947,-564.0,-1007.0,387.0,-73.0,284.0,-46.0,148,57,25,92,80
948,-444.0,-782.0,270.0,48.0,262.0,-27.0,100,64,87,89,75
949,-470.0,-1199.0,-515.0,105.0,352.0,-8.0,134,64,123,84,89
950,-842.0,-629.0,-224.0,18.0,285.0,53.0,130,66,131,101,89
951,-226.0,-3.0,-344.0,85.0,143.0,124.0,120,48,112,76,76
952,-704.0,405.0,-354.0,89.0,145.0,105.0,129,52,118,83,82
953,-406.0,910.0,-556.0,90.0,173.0,73.0,140,56,123,80,89
954,-427.0,1146.0,-829.0,77.0,114.0,17.0,146,57,125,89,90
955,-327.0,1546.0,-1417.0,83.0,-14.0,-65.0,151,56,123,83,89
956,-545.0,1996.0,-1737.0,62.0,-96.0,-253.0,150,62,122,92,93
957,-974.0,3244.0,-2875.0,-139.0,-304.0,-648.0,124,53,99,78,81
958,1946.0,4150.0,-3488.0,-178.0,-780.0,-1163.0,135,56,105,25,64
959,8661.0,420.0,1025.0,-145.0,-1138.0,-1242.0,100,42,89,17,75
960,8688.0,-8300.0,2442.0,-432.0,-177.0,-251.0,97,51,94,78,80
961,3378.0,-6566.0,-319.0,308.0,275.0,177.0,106,39,85,81,80
962,490.0,-1715.0,-325.0,-22.0,179.0,300.0,92,49,103,75,81
963,274.0,-2352.0,89.0,-33.0,89.0,277.0,111,54,110,97,88
964,-260.0,-1615.0,179.0,9.0,46.0,343.0,117,53,118,90,88
965,-31.0,-916.0,589.0,40.0,77.0,363.0,127,65,126,83,92
966,-89.0,-522.0,479.0,84.0,122.0,327.0,131,62,125,95,94
967,-213.0,-187.0,209.0,114.0,161.0,254.0,136,64,124,90,90
968,-304.0,-154.0,246.0,-6.0,122.0,208.0,118,46,107,78,70
969,-344.0,-59.0,345.0,-50.0,92.0,207.0,121,51,111,79,72
970,-399.0,-177.0,140.0,-12.0,108.0,185.0,123,56,108,78,75
971,-465.0,16.0,59.0,74.0,136.0,176.0,127,53,107,83,69
972,-607.0,1487.0,-310.0,80.0,89.0,188.0,132,56,110,90,75
973,-671.0,2121.0,-840.0,125.0,59.0,23.0,148,59,117,93,81
974,-1522.0,3340.0,-2302.0,238.0,-78.0,-353.0,143,61,116,88,77
975,-1405.0,3436.0,-2974.0,196.0,-596.0,-750.0,138,64,115,87,79
976,4468.0,4136.0,-1400.0,-71.0,-1319.0,-1067.0,110,51,101,88,78
977,8947.0,-9526.0,4374.0,-33.0,-599.0,-329.0,111,46,98,75,75
978,3297.0,-2854.0,2144.0,426.0,408.0,-26.0,123,47,82,69,86
979,-457.0,-940.0,-123.0,-145.0,338.0,112.0,100,54,93,75,87
980,19.0,-1896.0,171.0,-136.0,70.0,61.0,120,67,124,88,93
981,-175.0,-1217.0,369.0,162.0,50.0,61.0,128,67,117,93,94
982,12.0,-946.0,716.0,127.0,23.0,67.0,135,68,125,93,100
983,124.0,-754.0,796.0,41.0,26.0,78.0,138,68,128,93,104
984,337.0,-911.0,750.0,134.0,67.0,79.0,136,70,130,93,105
985,28.0,-806.0,602.0,212.0,102.0,91.0,123,50,101,67,88
986,30.0,-786.0,205.0,270.0,81.0,93.0,128,52,88,73,92
987,29.0,-858.0,192.0,325.0,84.0,124.0,132,56,86,83,94
988,236.0,-709.0,300.0,313.0,125.0,171.0,136,49,83,70,95
989,63.0,-457.0,69.0,349.0,121.0,215.0,126,60,42,93,97
990,-210.0,279.0,52.0,286.0,25.0,205.0,142,63,46,100,116
991,-658.0,1352.0,430.0,169.0,-48.0,170.0,147,68,71,101,113
992,-1491.0,2265.0,242.0,265.0,-105.0,-38.0,146,63,94,89,115
993,-2882.0,4293.0,-183.0,312.0,-141.0,-268.0,147,63,91,90,128
994,-1518.0,3143.0,116.0,167.0,-262.0,-386.0,134,53,86,71,119
995,1020.0,779.0,1005.0,135.0,-287.0,-378.0,136,52,91,74,122
996,2408.0,-644.0,1796.0,29.0,-310.0,-194.0,135,53,102,82,130
997,2828.0,-2076.0,2580.0,-104.0,-109.0,13.0,142,62,83,88,136
998,2200.0,-1679.0,2214.0,-24.0,166.0,75.0,148,60,107,94,138
999,611.0,-343.0,1292.0,-29.0,266.0,118.0,152,69,109,99,143
1000,-59.0,120.0,735.0,-108.0,191.0,157.0,148,62,114,99,142
1001,-83.0,79.0,878.0,-58.0,115.0,187.0,149,66,101,101,141
1002,-343.0,674.0,771.0,-63.0,96.0,162.0,138,51,104,90,129
1003,-409.0,507.0,571.0,10.0,148.0,115.0,129,43,15,91,127
1004,-494.0,645.0,339.0,16.0,127.0,121.0,127,48,12,90,120
1005,-320.0,836.0,758.0,-12.0,94.0,116.0,119,48,73,88,122
1006,-361.0,598.0,642.0,33.0,91.0,101.0,130,61,24,99,127
1007,-614.0,1018.0,354.0,39.0,67.0,82.0,128,64,82,102,135
1008,-638.0,1195.0,333.0,-14.0,58.0,61.0,136,66,93,106,134
1009,-1081.0,2203.0,192.0,-53.0,93.0,28.0,137,68,108,104,138
1010,-1855.0,3298.0,-945.0,-48.0,115.0,-207.0,135,66,86,99,136
1011,-2258.0,2814.0,-2170.0,39.0,-179.0,-409.0,108,45,86,74,122
1012,-111.0,1867.0,-1255.0,-77.0,-612.0,-428.0,108,42,70,83,122
1013,3358.0,-1828.0,1321.0,3.0,-642.0,-273.0,116,56,89,89,129
1014,3982.0,-2153.0,3416.0,5.0,-233.0,-54.0,125,56,95,98,132
1015,2895.0,-2101.0,3019.0,-120.0,113.0,49.0,131,53,111,99,135
1016,1279.0,-1306.0,2046.0,-29.0,285.0,107.0,133,53,108,87,142
1017,-74.0,-242.0,554.0,-98.0,200.0,155.0,131,58,97,87,137
1018,-318.0,-179.0,1341.0,-115.0,87.0,176.0,134,58,108,101,141
1019,41.0,335.0,1059.0,-97.0,170.0,164.0,126,54,111,95,132
1020,4.0,470.0,1312.0,-203.0,271.0,191.0,129,46,81,96,128
1021,-142.0,612.0,1159.0,-219.0,310.0,195.0,113,49,77,86,125
1022,-142.0,706.0,990.0,-161.0,350.0,152.0,123,53,100,78,126
1023,-248.0,842.0,517.0,-210.0,343.0,151.0,137,59,101,82,137
1024,-547.0,451.0,279.0,-265.0,271.0,168.0,143,63,109,82,134
1025,-361.0,17.0,-75.0,-292.0,224.0,179.0,147,74,122,114,133
1026,-871.0,354.0,-182.0,-68.0,193.0,155.0,144,67,98,122,133
1027,-817.0,807.0,-429.0,-35.0,141.0,101.0,140,79,118,121,140
1028,-665.0,1300.0,-1202.0,103.0,82.0,22.0,116,70,79,106,127
1029,-862.0,2000.0,-2541.0,121.0,-88.0,-163.0,123,76,82,108,132
1030,-1165.0,2359.0,-3261.0,-106.0,-438.0,-505.0,132,87,80,114,152
1031,282.0,2617.0,-2324.0,-420.0,-788.0,-910.0,96,92,96,116,140
1032,3778.0,780.0,-1503.0,-439.0,-909.0,-943.0,137,94,118,123,146
1033,6517.0,-5495.0,-691.0,-821.0,-757.0,-481.0,154,105,124,131,155
1034,4808.0,-7147.0,1262.0,30.0,169.0,165.0,132,75,94,116,137
1035,1341.0,-2125.0,32.0,656.0,558.0,327.0,131,89,101,116,133
1036,55.0,-1151.0,-154.0,69.0,358.0,321.0,141,98,125,121,140
1037,616.0,-114.0,1477.0,241.0,-33.0,229.0,148,104,89,127,149
1038,-178.0,-1125.0,201.0,-52.0,162.0,270.0,148,116,112,126,148
1039,-639.0,-328.0,2.0,123.0,196.0,320.0,151,114,127,131,154
1040,-156.0,227.0,837.0,84.0,180.0,334.0,153,97,93,133,153
1041,-68.0,149.0,94.0,204.0,247.0,287.0,144,118,112,139,155
1042,-308.0,330.0,190.0,188.0,304.0,250.0,129,100,93,120,141
1043,-173.0,414.0,32.0,128.0,281.0,209.0,128,101,111,123,142
1044,-624.0,424.0,-355.0,125.0,179.0,197.0,108,91,87,120,140
1045,-532.0,1594.0,-986.0,74.0,8.0,148.0,130,98,116,123,130
1046,-886.0,2801.0,-2530.0,60.0,-155.0,-224.0,139,109,127,132,153
1047,-877.0,3545.0,-2803.0,-167.0,-506.0,-773.0,147,118,128,135,158
1048,1256.0,2267.0,-1541.0,-206.0,-695.0,-1140.0,120,106,59,117,136
1049,5927.0,145.0,-54.0,-369.0,-1076.0,-917.0,142,108,102,130,148
1050,6343.0,-6457.0,878.0,-236.0,-570.0,-90.0,148,126,125,135,150
1051,3817.0,-4855.0,150.0,183.0,266.0,195.0,125,85,111,136,156
1052,-350.0,-965.0,1104.0,513.0,605.0,214.0,131,113,88,135,155
1053,-512.0,-417.0,528.0,203.0,305.0,182.0,144,120,135,136,155
1054,-820.0,-1247.0,90.0,359.0,76.0,117.0,131,108,94,121,143
1055,-574.0,-1257.0,1283.0,385.0,92.0,148.0,131,84,77,116,138
1056,139.0,-1149.0,391.0,64.0,90.0,214.0,137,83,16,119,143
1057,-70.0,-912.0,839.0,127.0,212.0,236.0,145,68,23,123,147
1058,217.0,-206.0,82.0,239.0,219.0,202.0,135,59,24,120,144
1059,-191.0,-271.0,-50.0,245.0,153.0,185.0,140,54,29,104,147
1060,-309.0,-254.0,85.0,254.0,97.0,196.0,140,58,88,101,147
1061,-475.0,546.0,183.0,168.0,104.0,194.0,138,65,91,106,152
1062,-930.0,1447.0,26.0,170.0,81.0,100.0,118,47,83,91,137
1063,-1993.0,3145.0,-849.0,248.0,52.0,-75.0,116,49,81,90,142
1064,-2694.0,3932.0,-1472.0,295.0,-217.0,-339.0,112,45,91,87,141
1065,-177.0,2565.0,-835.0,139.0,-644.0,-459.0,114,47,80,82,135
1066,3061.0,-947.0,2033.0,34.0,-540.0,-321.0,128,54,121,98,151
1067,3230.0,-1718.0,3327.0,24.0,-90.0,-141.0,112,65,103,106,156
1068,2231.0,-2367.0,2153.0,-60.0,74.0,17.0,128,63,95,108,156
1069,1177.0,-1789.0,1414.0,-39.0,132.0,136.0,126,58,28,108,156
1070,98.0,-513.0,1176.0,-75.0,136.0,174.0,108,50,110,109,156
1071,-491.0,-160.0,1695.0,-46.0,98.0,157.0,99,40,100,90,139
1072,-485.0,137.0,1020.0,29.0,51.0,141.0,99,39,102,86,138
1073,-434.0,382.0,999.0,19.0,74.0,121.0,115,46,88,94,146
1074,-407.0,402.0,839.0,15.0,69.0,112.0,114,52,105,99,148
1075,-365.0,338.0,666.0,40.0,82.0,102.0,110,59,107,102,151
1076,-413.0,446.0,673.0,43.0,81.0,103.0,119,63,120,108,154
1077,-462.0,586.0,677.0,26.0,59.0,92.0,125,57,117,106,157
1078,-371.0,507.0,695.0,40.0,57.0,93.0,127,66,127,108,158
1079,-760.0,1380.0,422.0,24.0,66.0,80.0,119,57,100,97,146
1080,-1515.0,2406.0,-208.0,-31.0,62.0,-6.0,115,58,111,97,146
1081,-2566.0,3465.0,-1413.0,9.0,18.0,-190.0,101,40,94,89,144
1082,-1678.0,3269.0,-1424.0,40.0,-285.0,-399.0,111,46,98,92,144
1083,1591.0,704.0,518.0,-139.0,-568.0,-418.0,111,62,114,100,153
1084,3904.0,-2764.0,2710.0,-247.0,-313.0,-196.0,123,67,98,105,153
1085,3428.0,-3962.0,2638.0,-58.0,105.0,-15.0,117,59,26,101,155
1086,1402.0,-2368.0,1250.0,-131.0,211.0,134.0,123,55,26,106,157
1087,337.0,-1379.0,2108.0,-147.0,188.0,207.0,121,53,78,114,154
1088,-288.0,-534.0,1011.0,-129.0,136.0,218.0,107,33,83,85,135
1089,-1017.0,479.0,1939.0,-150.0,247.0,225.0,112,39,51,80,132
1090,-598.0,458.0,1008.0,-207.0,269.0,203.0,122,47,93,90,122
1091,-283.0,272.0,666.0,-158.0,260.0,164.0,126,55,101,93,112
1092,-627.0,136.0,343.0,-116.0,253.0,141.0,133,52,106,93,104
1093,-841.0,277.0,464.0,-87.0,255.0,139.0,140,64,95,111,84
1094,-657.0,317.0,140.0,-31.0,219.0,131.0,144,77,105,113,95
1095,-722.0,344.0,-275.0,-62.0,188.0,108.0,144,79,105,114,86
1096,-647.0,826.0,-280.0,36.0,154.0,52.0,139,86,89,110,77
1097,-1018.0,1956.0,-1828.0,-41.0,37.0,-138.0,136,86,76,108,62
1098,-1292.0,2368.0,-2965.0,-65.0,-364.0,-550.0,120,88,8,92,45
1099,360.0,2714.0,-3370.0,-92.0,-858.0,-839.0,99,91,76,54,49
1100,3617.0,57.0,-1704.0,-279.0,-1242.0,-752.0,117,92,82,84,70
1101,5044.0,-2946.0,972.0,-264.0,-836.0,-266.0,133,81,17,80,75
1102,5134.0,-4521.0,2126.0,14.0,-28.0,24.0,128,91,84,75,64
1103,1610.0,-2774.0,1597.0,265.0,365.0,52.0,131,104,102,85,80
1104,514.0,-1635.0,1089.0,-33.0,248.0,197.0,120,116,113,83,88
1105,226.0,-1345.0,772.0,-23.0,183.0,214.0,104,81,61,69,72
1106,-203.0,-726.0,893.0,15.0,193.0,210.0,109,96,96,82,71
1107,-145.0,-661.0,663.0,68.0,222.0,218.0,75,109,71,85,80
1108,-71.0,-212.0,625.0,65.0,228.0,208.0,106,113,98,76,80
1109,-259.0,-137.0,388.0,32.0,182.0,175.0,112,120,110,83,89
1110,-142.0,-353.0,367.0,33.0,184.0,139.0,114,111,87,95,95
1111,-64.0,-365.0,297.0,23.0,211.0,158.0,119,122,113,97,97
1112,-338.0,-36.0,114.0,6.0,181.0,177.0,117,127,126,88,91
1113,-506.0,301.0,-121.0,-1.0,144.0,164.0,119,112,93,89,88
1114,-763.0,1305.0,-888.0,83.0,128.0,89.0,105,106,88,76,76
1115,-1971.0,2822.0,-2441.0,158.0,-128.0,-257.0,102,114,103,75,68
1116,-1122.0,3089.0,-2785.0,72.0,-584.0,-617.0,97,118,93,83,70
1117,2347.0,1371.0,-1185.0,-5.0,-1052.0,-710.0,99,114,105,88,97
1118,5855.0,-3498.0,1989.0,29.0,-696.0,-393.0,104,91,132,94,115
1119,4857.0,-4083.0,3074.0,197.0,100.0,33.0,113,109,100,94,98
1120,1364.0,-1500.0,2031.0,84.0,347.0,60.0,91,108,114,70,104
1121,333.0,-2061.0,1461.0,-87.0,234.0,146.0,94,128,137,95,108
1122,573.0,-1794.0,1006.0,130.0,306.0,147.0,88,112,122,77,99
1123,155.0,-863.0,905.0,194.0,361.0,201.0,90,118,118,84,106
1124,-405.0,-211.0,272.0,175.0,300.0,182.0,88,117,116,68,90
1125,-260.0,-280.0,241.0,168.0,217.0,157.0,98,101,95,80,104
1126,-175.0,-412.0,105.0,204.0,165.0,145.0,117,86,123,74,113
1127,-409.0,48.0,211.0,232.0,91.0,145.0,127,79,115,25,124
1128,-327.0,283.0,330.0,161.0,-9.0,125.0,135,82,82,81,131
1129,-220.0,91.0,277.0,90.0,-52.0,113.0,137,70,25,92,132
1130,-405.0,277.0,336.0,91.0,-46.0,131.0,140,64,30,97,118
1131,-934.0,1255.0,132.0,94.0,-32.0,65.0,127,53,76,83,106
1132,-1497.0,2083.0,-85.0,89.0,-89.0,-76.0,130,55,99,81,121
1133,-2096.0,2686.0,-673.0,97.0,-144.0,-200.0,135,49,94,84,131
1134,-1207.0,2023.0,-434.0,124.0,-233.0,-321.0,137,53,93,87,139
1135,220.0,1123.0,169.0,240.0,-316.0,-355.0,138,53,65,91,141
1136,2010.0,128.0,1700.0,134.0,-346.0,-287.0,141,65,89,98,147
1137,3268.0,-1950.0,2795.0,31.0,-187.0,-118.0,143,64,88,96,148
1138,2899.0,-2197.0,2796.0,28.0,34.0,39.0,143,64,92,102,150
1139,1444.0,-939.0,2315.0,-39.0,176.0,146.0,136,51,100,88,141
1140,393.0,-12.0,1623.0,-98.0,190.0,173.0,133,48,120,90,137
1141,175.0,145.0,1072.0,-24.0,175.0,180.0,138,47,90,87,134
1142,-457.0,691.0,732.0,11.0,209.0,156.0,132,53,114,96,136
1143,-787.0,1057.0,208.0,-4.0,165.0,124.0,135,57,115,104,146
1144,-771.0,970.0,211.0,43.0,69.0,91.0,118,57,119,103,147
1145,-696.0,791.0,251.0,21.0,66.0,74.0,119,57,91,105,154
1146,-701.0,918.0,200.0,34.0,67.0,63.0,114,64,98,102,152
1147,-700.0,1016.0,236.0,53.0,28.0,34.0,120,69,122,91,153
1148,-834.0,1381.0,275.0,22.0,-27.0,22.0,105,49,97,84,139
1149,-1215.0,2004.0,115.0,-65.0,-30.0,-48.0,111,57,113,85,140
1150,-1613.0,2152.0,-624.0,-47.0,7.0,-171.0,112,63,105,87,143
1151,-1534.0,1982.0,-1283.0,67.0,-172.0,-295.0,110,61,95,86,144
1152,332.0,1072.0,-349.0,37.0,-473.0,-312.0,115,58,113,81,147
1153,2723.0,-1318.0,1473.0,-52.0,-539.0,-155.0,129,68,111,103,150
1154,3536.0,-1991.0,3767.0,-31.0,-177.0,3.0,132,67,104,108,152
1155,2623.0,-1520.0,2653.0,-116.0,188.0,61.0,144,59,106,109,153
1156,781.0,-695.0,2000.0,-197.0,294.0,147.0,141,58,113,99,145
1157,173.0,-53.0,1384.0,-228.0,261.0,168.0,134,58,115,96,141
1158,-43.0,296.0,1728.0,-186.0,251.0,168.0,134,52,103,94,137
1159,-241.0,528.0,1312.0,-206.0,329.0,180.0,120,52,121,91,141
1160,-252.0,622.0,992.0,-227.0,361.0,152.0,129,56,141,103,142
1161,-147.0,438.0,727.0,-219.0,410.0,138.0,139,60,119,101,139
1162,-390.0,357.0,377.0,-188.0,403.0,141.0,145,65,126,103,135
1163,-613.0,390.0,-69.0,-175.0,361.0,124.0,147,72,116,94,127
1164,-829.0,377.0,-241.0,-152.0,294.0,115.0,149,71,111,99,111
1165,-738.0,681.0,-442.0,-110.0,197.0,78.0,133,56,104,71,103
1166,-488.0,742.0,-735.0,-64.0,170.0,8.0,136,58,118,79,103
1167,-81.0,1477.0,-1350.0,86.0,92.0,-46.0,138,56,90,74,84
1168,-937.0,2169.0,-3057.0,82.0,-79.0,-233.0,117,52,88,58,56
1169,-620.0,2768.0,-3545.0,6.0,-481.0,-536.0,123,53,100,74,56
1170,1023.0,2890.0,-4220.0,-79.0,-1022.0,-893.0,121,53,82,68,63
1171,6360.0,-443.0,-626.0,60.0,-1269.0,-745.0,114,58,73,73,71
1172,7802.0,-5820.0,5442.0,54.0,-202.0,-61.0,113,61,101,77,72
1173,1935.0,-4149.0,2155.0,343.0,216.0,114.0,105,55,27,74,77
1174,-61.0,-1102.0,1928.0,-169.0,104.0,155.0,82,45,81,56,61
1175,259.0,-2447.0,1710.0,-116.0,189.0,192.0,90,31,69,47,51
1176,-478.0,-700.0,1224.0,-29.0,210.0,209.0,80,48,101,61,55
1177,-825.0,-214.0,816.0,-91.0,151.0,170.0,104,54,99,71,67
1178,-649.0,-271.0,743.0,-129.0,167.0,154.0,104,58,109,72,63
1179,-277.0,-349.0,693.0,-103.0,226.0,168.0,103,60,100,76,66
1180,-271.0,-163.0,399.0,-26.0,244.0,156.0,117,63,105,72,69
1181,-411.0,41.0,128.0,-28.0,225.0,130.0,106,67,112,75,64
1182,-357.0,-7.0,7.0,-47.0,201.0,109.0,94,52,94,60,58
1183,-286.0,-128.0,52.0,-33.0,193.0,128.0,98,52,109,69,59
1184,-404.0,-40.0,-350.0,41.0,178.0,186.0,108,54,108,67,58
1185,-363.0,1302.0,-1224.0,104.0,122.0,175.0,111,52,109,69,58
1186,-1015.0,2913.0,-3075.0,209.0,-52.0,-147.0,116,64,109,73,62
1187,-1176.0,3440.0,-4252.0,65.0,-584.0,-636.0,116,67,105,67,61
1188,2605.0,1766.0,-3268.0,112.0,-1226.0,-841.0,109,65,103,71,65
1189,7992.0,-2065.0,4797.0,363.0,-781.0,-278.0,104,58,87,74,70
1190,3434.0,-2555.0,4068.0,411.0,251.0,-66.0,107,63,106,74,82
1191,-345.0,-289.0,1811.0,-57.0,156.0,62.0,86,49,75,55,59
1192,-487.0,-2102.0,1197.0,-184.0,60.0,2.0,86,46,96,54,57
1193,-460.0,-833.0,816.0,12.0,74.0,32.0,93,51,103,62,66
1194,-546.0,-495.0,709.0,-21.0,13.0,2.0,95,56,109,64,71
1195,-93.0,-731.0,1018.0,-73.0,21.0,-5.0,93,59,109,65,72
1196,-1.0,-802.0,998.0,-58.0,52.0,11.0,113,62,115,74,80
1197,-94.0,-785.0,646.0,5.0,64.0,31.0,112,65,119,76,79
1198,-257.0,-488.0,463.0,5.0,24.0,31.0,113,67,121,73,83
1199,-204.0,-500.0,561.0,-11.0,7.0,17.0,106,58,112,65,72
1200,-212.0,-489.0,619.0,9.0,15.0,17.0,101,52,109,64,68
1201,-343.0,-418.0,604.0,26.0,10.0,5.0,99,53,105,60,63
1202,-296.0,-340.0,678.0,-5.0,-13.0,-14.0,103,54,107,63,67
1203,-189.0,-598.0,745.0,-44.0,-24.0,-21.0,112,65,117,78,85
1204,-24.0,-896.0,820.0,3.0,3.0,-4.0,110,63,117,72,77
1205,-202.0,-665.0,712.0,24.0,10.0,8.0,113,68,120,75,83
1206,-249.0,-517.0,726.0,4.0,0.0,-2.0,111,66,118,75,78
1207,-277.0,-620.0,766.0,-7.0,-13.0,-6.0,114,67,117,74,78
1208,-214.0,-689.0,841.0,-6.0,-18.0,-7.0,99,51,103,62,63
1209,-189.0,-700.0,887.0,-4.0,-8.0,-4.0,100,54,106,64,67
1210,-219.0,-674.0,839.0,-1.0,5.0,-3.0,105,57,111,66,71
1211,-230.0,-668.0,777.0,-4.0,4.0,-3.0,105,57,111,68,71
1212,-203.0,-667.0,754.0,-7.0,-1.0,-3.0,108,62,117,68,74
1213,-189.0,-716.0,748.0,-6.0,1.0,-1.0,115,64,119,75,82
1214,-191.0,-700.0,761.0,8.0,4.0,3.0,115,68,120,79,81
1215,-235.0,-641.0,760.0,11.0,9.0,4.0,115,68,120,78,81
1216,-233.0,-610.0,737.0,1.0,4.0,0.0,109,62,113,71,74
1217,-200.0,-643.0,739.0,0.0,-6.0,-1.0,108,60,110,67,68
1218,-182.0,-669.0,767.0,-5.0,-4.0,1.0,100,53,109,63,66
1219,-193.0,-659.0,767.0,2.0,3.0,1.0,104,56,108,64,68
1220,-225.0,-631.0,739.0,0.0,5.0,2.0,114,68,120,78,81
1221,-253.0,-626.0,723.0,1.0,0.0,1.0,118,70,123,80,83
1222,-202.0,-624.0,770.0,-2.0,0.0,0.0,120,74,126,83,86
1223,-241.0,-642.0,740.0,-2.0,1.0,-1.0,122,77,125,83,87
1224,-235.0,-636.0,741.0,2.0,6.0,-3.0,120,73,124,83,86
1225,-254.0,-614.0,723.0,3.0,1.0,-3.0,103,55,107,64,66
1226,-232.0,-664.0,762.0,-4.0,-2.0,-5.0,111,63,115,72,74
1227,-194.0,-707.0,781.0,-4.0,-1.0,-3.0,110,62,116,72,75
1228,-207.0,-679.0,779.0,-3.0,3.0,-1.0,104,63,115,72,75
1229,-209.0,-687.0,775.0,-10.0,1.0,1.0,114,65,118,75,78
1230,-214.0,-679.0,769.0,-8.0,1.0,3.0,120,73,125,83,86
1231,-246.0,-649.0,737.0,-12.0,0.0,2.0,120,74,125,85,87
1232,-243.0,-643.0,736.0,-15.0,-3.0,2.0,121,76,126,84,87
1233,-217.0,-679.0,741.0,-10.0,-1.0,3.0,123,73,126,84,87
1234,-222.0,-665.0,729.0,-13.0,1.0,3.0,104,55,107,64,68
1235,-242.0,-643.0,707.0,-13.0,-3.0,3.0,104,55,108,65,67
1236,-229.0,-667.0,708.0,-18.0,-6.0,3.0,108,59,111,69,71
1237,-232.0,-667.0,702.0,-19.0,-7.0,5.0,115,67,118,78,79
1238,-233.0,-691.0,701.0,-20.0,-7.0,6.0,116,67,121,79,83
1239,-207.0,-697.0,737.0,-19.0,-6.0,7.0,122,74,125,84,88
1240,-242.0,-693.0,712.0,-14.0,-3.0,8.0,121,72,125,83,86
1241,-226.0,-679.0,720.0,-13.0,-2.0,8.0,121,73,125,83,86
1242,-249.0,-666.0,712.0,-11.0,-3.0,8.0,108,59,112,69,70
1243,-242.0,-668.0,726.0,-15.0,-6.0,7.0,109,59,111,68,71
1244,-244.0,-716.0,729.0,-13.0,-4.0,9.0,107,57,110,67,69
1245,-271.0,-678.0,722.0,-11.0,-3.0,10.0,108,57,109,65,71
1246,-270.0,-678.0,710.0,-12.0,-2.0,7.0,116,68,121,75,81
1247,-272.0,-665.0,711.0,-16.0,-2.0,5.0,121,73,126,85,89
1248,-270.0,-690.0,666.0,-10.0,-3.0,4.0,121,72,124,83,87
1249,-256.0,-671.0,688.0,-8.0,-1.0,2.0,122,73,125,84,87
1250,-270.0,-667.0,666.0,-12.0,-1.0,1.0,115,73,125,82,87
1251,-268.0,-667.0,668.0,-14.0,-6.0,-3.0,105,55,108,66,69
1252,-213.0,-750.0,716.0,-8.0,-1.0,-2.0,108,57,111,69,71
1253,-221.0,-720.0,690.0,-2.0,3.0,1.0,111,60,113,72,74
1254,-249.0,-701.0,682.0,-8.0,-3.0,-4.0,113,65,118,76,81
1255,-238.0,-730.0,696.0,-11.0,-9.0,-5.0,114,67,118,75,79
1256,-204.0,-783.0,722.0,-10.0,-6.0,-2.0,120,71,123,80,84
1257,-209.0,-764.0,717.0,-10.0,-3.0,0.0,120,72,123,83,87
1258,-234.0,-754.0,686.0,-5.0,-1.0,1.0,126,74,126,84,83
1259,-234.0,-751.0,678.0,-3.0,0.0,2.0,113,64,117,74,77
1260,-226.0,-748.0,670.0,4.0,4.0,5.0,108,58,108,66,73
1261,-250.0,-692.0,655.0,0.0,1.0,3.0,105,56,108,66,71
1262,-246.0,-740.0,657.0,-9.0,-6.0,0.0,107,57,111,68,71
1263,-240.0,-750.0,674.0,-1.0,-3.0,1.0,117,69,122,79,84
1264,-254.0,-702.0,685.0,1.0,-3.0,0.0,117,70,122,81,84
1265,-229.0,-756.0,690.0,-4.0,0.0,0.0,118,71,122,82,86
1266,-237.0,-741.0,671.0,-4.0,-2.0,1.0,121,72,124,84,88
1267,-221.0,-760.0,678.0,0.0,-1.0,1.0,122,72,125,84,87
1268,-256.0,-733.0,665.0,3.0,0.0,2.0,103,53,105,63,66
1269,-247.0,-718.0,676.0,-1.0,-2.0,1.0,106,56,108,67,69
1270,-246.0,-728.0,679.0,-2.0,-1.0,1.0,108,58,111,62,73
1271,-252.0,-740.0,673.0,2.0,2.0,1.0,110,60,114,71,75
1272,-262.0,-727.0,654.0,1.0,-2.0,0.0,112,65,118,72,80
1273,-253.0,-714.0,661.0,-1.0,-3.0,-1.0,121,74,125,83,86
1274,-238.0,-756.0,672.0,1.0,-1.0,0.0,121,73,125,83,87
1275,-232.0,-758.0,659.0,0.0,0.0,3.0,116,75,125,83,87
1276,-246.0,-726.0,668.0,-2.0,-3.0,4.0,116,67,120,75,80
1277,-252.0,-718.0,676.0,0.0,-3.0,2.0,105,57,110,67,72
1278,-247.0,-714.0,673.0,-2.0,-2.0,2.0,103,54,109,66,69
1279,-240.0,-707.0,669.0,-2.0,-1.0,3.0,108,58,111,69,72
1280,-253.0,-719.0,652.0,-7.0,-2.0,1.0,117,69,122,79,84
1281,-258.0,-729.0,659.0,-1.0,-1.0,1.0,117,68,120,80,83
1282,-270.0,-712.0,654.0,2.0,-2.0,2.0,121,73,125,84,87
1283,-253.0,-716.0,679.0,-2.0,-2.0,1.0,122,73,124,82,86
1284,-252.0,-736.0,681.0,-2.0,-2.0,1.0,122,72,126,83,87
1285,-272.0,-729.0,663.0,-1.0,-1.0,1.0,103,54,103,63,68
1286,-265.0,-738.0,668.0,-1.0,-2.0,1.0,109,59,112,70,73
1287,-247.0,-742.0,686.0,-3.0,-2.0,2.0,108,59,111,70,73
1288,-251.0,-742.0,678.0,-1.0,-1.0,2.0,107,57,110,68,72
1289,-254.0,-721.0,677.0,-5.0,-2.0,2.0,115,66,119,77,81
1290,-250.0,-745.0,678.0,-3.0,-2.0,3.0,121,72,125,83,88
1291,-264.0,-719.0,674.0,-2.0,-2.0,3.0,121,74,126,85,89
1292,-266.0,-708.0,684.0,-4.0,-2.0,2.0,121,73,124,84,85
1293,-261.0,-723.0,676.0,-3.0,1.0,2.0,120,72,124,79,86
1294,-263.0,-703.0,672.0,-2.0,0.0,2.0,103,54,106,65,68
1295,-265.0,-706.0,671.0,-4.0,-1.0,2.0,102,53,107,65,69
1296,-263.0,-711.0,658.0,-2.0,-1.0,2.0,107,59,111,69,72
1297,-256.0,-700.0,661.0,-3.0,-1.0,1.0,111,65,116,78,80
1298,-264.0,-700.0,669.0,-2.0,0.0,1.0,114,67,118,76,80
1299,-279.0,-704.0,652.0,-1.0,1.0,1.0,118,71,124,82,85
1300,-267.0,-716.0,663.0,3.0,2.0,1.0,120,72,124,82,86
