timestamp,ax,ay,az,gx,gy,gz,flex1,flex2,flex3,flex4,flex5,emg1,emg2,emg3
2025-02-27 14:23:42.802,-1097.0,296.0,140.0,-39.0,-23.0,-241.0,218,121,120,138,129
2025-02-27 14:23:42.804,-1125.0,243.0,97.0,-28.0,-17.0,-247.0,222,128,129,143,136
2025-02-27 14:23:42.807,-1142.0,123.0,70.0,-22.0,-14.0,-258.0,220,128,124,141,134
2025-02-27 14:23:42.809,-1136.0,17.0,41.0,-7.0,-14.0,-267.0,220,124,122,140,132
2025-02-27 14:23:42.811,-1106.0,-24.0,1.0,7.0,-18.0,-271.0,224,129,127,145,137
2025-02-27 14:23:42.813,-1000.0,-66.0,0.0,21.0,-30.0,-280.0,221,129,125,144,136
2025-02-27 14:23:42.816,-921.0,-56.0,30.0,26.0,-37.0,-291.0,218,123,121,139,128
2025-02-27 14:23:42.818,-737.0,-56.0,83.0,28.0,-48.0,-297.0,225,132,129,144,136
2025-02-27 14:23:42.820,-464.0,-28.0,108.0,20.0,-63.0,-309.0,225,129,127,145,136
2025-02-27 14:23:42.822,-44.0,-28.0,263.0,9.0,-67.0,-319.0,222,122,125,138,131
2025-02-27 14:23:42.824,175.0,-89.0,403.0,-21.0,-77.0,-321.0,216,120,119,135,128
2025-02-27 14:23:42.827,643.0,-257.0,479.0,-62.0,-83.0,-319.0,226,132,133,145,137
2025-02-27 14:23:42.829,1030.0,-588.0,545.0,-85.0,-81.0,-312.0,216,121,119,132,129
2025-02-27 14:23:42.831,1205.0,-1093.0,477.0,-117.0,-80.0,-307.0,215,120,117,128,127
2025-02-27 14:23:42.833,1340.0,-1395.0,394.0,-133.0,-69.0,-293.0,219,125,123,136,133
2025-02-27 14:23:42.836,1365.0,-1954.0,267.0,-128.0,-61.0,-276.0,222,126,125,136,135
2025-02-27 14:23:42.838,1421.0,-2466.0,202.0,-104.0,-52.0,-252.0,221,127,125,141,135
2025-02-27 14:23:42.840,1525.0,-2893.0,160.0,-75.0,-36.0,-222.0,221,126,124,140,134
2025-02-27 14:23:42.842,1625.0,-3146.0,98.0,-41.0,-21.0,-186.0,225,131,128,146,139
2025-02-27 14:23:42.844,1802.0,-3326.0,124.0,-24.0,-6.0,-142.0,221,126,126,140,135
2025-02-27 14:23:42.849,1996.0,-3417.0,181.0,0.0,14.0,-92.0,219,123,122,138,133
2025-02-27 14:23:42.851,2051.0,-3451.0,208.0,19.0,24.0,-41.0,212,116,114,130,124
2025-02-27 14:23:42.853,2051.0,-3476.0,252.0,34.0,46.0,-18.0,215,119,116,133,126
2025-02-27 14:23:42.855,1896.0,-3416.0,79.0,59.0,51.0,27.0,222,124,121,137,130
2025-02-27 14:23:42.857,1692.0,-3398.0,24.0,85.0,49.0,62.0,216,122,118,136,129
2025-02-27 14:23:42.859,1516.0,-3066.0,-20.0,90.0,65.0,88.0,216,120,117,135,126
2025-02-27 14:23:42.861,1417.0,-2740.0,-74.0,97.0,65.0,111.0,214,118,116,132,123
2025-02-27 14:23:42.864,1100.0,-2557.0,-58.0,102.0,55.0,120.0,215,120,118,133,124
2025-02-27 14:23:42.866,893.0,-2202.0,-100.0,86.0,48.0,135.0,229,136,134,150,141
2025-02-27 14:23:42.868,606.0,-1896.0,-55.0,73.0,27.0,147.0,234,142,140,156,147
2025-02-27 14:23:42.871,435.0,-1590.0,7.0,64.0,7.0,153.0,233,139,137,152,146
2025-02-27 14:23:42.872,305.0,-1410.0,31.0,38.0,2.0,155.0,227,134,133,147,141
2025-02-27 14:23:42.875,199.0,-1328.0,38.0,18.0,-12.0,155.0,230,137,134,150,142
2025-02-27 14:23:42.878,124.0,-1280.0,71.0,4.0,-23.0,154.0,235,143,140,155,149
2025-02-27 14:23:42.881,120.0,-1238.0,167.0,0.0,-25.0,152.0,233,140,139,155,147
2025-02-27 14:23:42.883,55.0,-1162.0,181.0,-6.0,-27.0,152.0,230,137,134,151,143
2025-02-27 14:23:42.885,63.0,-1112.0,268.0,-4.0,-29.0,153.0,228,133,132,147,141
2025-02-27 14:23:42.887,91.0,-1052.0,297.0,-4.0,-24.0,154.0,234,142,140,155,148
2025-02-27 14:23:42.890,35.0,-963.0,270.0,-3.0,-17.0,157.0,242,150,148,164,157
2025-02-27 14:23:42.892,41.0,-894.0,327.0,-1.0,-11.0,158.0,233,139,138,155,146
2025-02-27 14:23:42.894,32.0,-771.0,360.0,2.0,-7.0,155.0,232,140,136,147,149
2025-02-27 14:23:42.896,28.0,-717.0,379.0,8.0,3.0,153.0,235,143,140,156,147
2025-02-27 14:23:42.899,5.0,-631.0,403.0,14.0,17.0,146.0,213,117,117,128,126
2025-02-27 14:23:42.901,-84.0,-568.0,356.0,19.0,26.0,141.0,221,127,125,137,133
2025-02-27 14:23:42.903,-108.0,-550.0,353.0,25.0,31.0,138.0,219,125,123,138,132
2025-02-27 14:23:42.905,-195.0,-530.0,290.0,29.0,41.0,136.0,220,126,123,135,132
2025-02-27 14:23:42.908,-269.0,-472.0,303.0,30.0,47.0,133.0,215,121,118,132,127
2025-02-27 14:23:42.910,-333.0,-370.0,263.0,28.0,53.0,129.0,214,123,117,129,127
2025-02-27 14:23:42.912,-425.0,-270.0,208.0,23.0,54.0,123.0,211,115,112,126,122
2025-02-27 14:23:42.915,-486.0,-167.0,161.0,16.0,52.0,115.0,214,120,117,125,126
2025-02-27 14:23:42.917,-520.0,-129.0,123.0,5.0,49.0,111.0,218,125,120,137,130
2025-02-27 14:23:42.919,-563.0,-72.0,102.0,-6.0,44.0,102.0,210,116,113,133,120
2025-02-27 14:23:42.922,-631.0,-52.0,43.0,-12.0,35.0,92.0,214,119,116,133,127
2025-02-27 14:23:42.924,-666.0,-65.0,-16.0,-23.0,28.0,82.0,205,110,107,123,117
2025-02-27 14:23:42.926,-716.0,-53.0,-45.0,-30.0,14.0,76.0,209,114,111,128,118
2025-02-27 14:23:42.928,-718.0,-82.0,-60.0,-33.0,3.0,65.0,210,116,112,130,119
2025-02-27 14:23:42.931,-705.0,-94.0,-48.0,-33.0,-6.0,51.0,213,119,117,133,124
2025-02-27 14:23:42.933,-705.0,-116.0,-54.0,-31.0,-10.0,40.0,206,111,111,126,118
2025-02-27 14:23:42.935,-696.0,-145.0,-49.0,-30.0,-16.0,35.0,209,114,111,129,121
2025-02-27 14:23:42.937,-695.0,-151.0,-64.0,-28.0,-21.0,25.0,213,118,116,133,124
2025-02-27 14:23:42.940,-714.0,-153.0,-54.0,-29.0,-25.0,17.0,216,120,118,135,127
2025-02-27 14:23:42.944,-711.0,-163.0,-46.0,-28.0,-30.0,10.0,214,121,118,134,127
2025-02-27 14:23:42.951,-693.0,-180.0,-23.0,-27.0,-34.0,4.0,210,117,113,130,121
2025-02-27 14:23:42.956,-701.0,-206.0,-15.0,-24.0,-34.0,-1.0,209,114,111,127,118
2025-02-27 14:23:42.960,-685.0,-228.0,2.0,-22.0,-35.0,-2.0,210,115,111,129,120
2025-02-27 14:23:42.965,-702.0,-223.0,0.0,-17.0,-36.0,-5.0,215,121,116,135,127
2025-02-27 14:23:42.972,-697.0,-173.0,19.0,-14.0,-38.0,-8.0,211,114,114,131,121
2025-02-27 14:23:42.976,-708.0,-87.0,66.0,-10.0,-38.0,-12.0,210,116,112,129,119
2025-02-27 14:23:42.980,-725.0,22.0,105.0,-4.0,-37.0,-19.0,211,116,114,130,121
2025-02-27 14:23:42.988,-749.0,75.0,150.0,5.0,-34.0,-23.0,215,122,118,134,126
2025-02-27 14:23:42.992,-791.0,195.0,182.0,14.0,-28.0,-34.0,213,124,116,134,124
2025-02-27 14:23:42.997,-886.0,330.0,214.0,19.0,-19.0,-47.0,217,124,120,137,131
2025-02-27 14:23:43.001,-939.0,509.0,233.0,28.0,-14.0,-64.0,213,118,114,130,121
2025-02-27 14:23:43.008,-1043.0,603.0,237.0,36.0,-3.0,-76.0,210,115,113,130,121
2025-02-27 14:23:43.013,-1153.0,791.0,209.0,44.0,7.0,-104.0,213,119,116,133,124
2025-02-27 14:23:43.017,-1257.0,1014.0,186.0,48.0,12.0,-139.0,217,124,121,137,130
2025-02-27 14:23:43.025,-1348.0,1191.0,155.0,49.0,12.0,-180.0,214,121,116,130,125
2025-02-27 14:23:43.029,-1423.0,1291.0,47.0,51.0,10.0,-225.0,211,116,113,130,121
2025-02-27 14:23:43.033,-1451.0,1267.0,-102.0,50.0,-2.0,-270.0,211,117,113,129,118
2025-02-27 14:23:43.041,-1460.0,1219.0,-216.0,48.0,-23.0,-291.0,212,117,113,128,122
2025-02-27 14:23:43.046,-1367.0,1074.0,-296.0,45.0,-53.0,-330.0,215,120,118,129,126
2025-02-27 14:23:43.053,-1144.0,903.0,-353.0,36.0,-88.0,-361.0,216,123,119,124,127
2025-02-27 14:23:43.058,-764.0,650.0,-346.0,23.0,-130.0,-383.0,222,129,125,139,133
2025-02-27 14:23:43.062,9.0,371.0,-154.0,-3.0,-161.0,-390.0,221,127,124,135,133
2025-02-27 14:23:43.067,1042.0,0.0,195.0,-22.0,-172.0,-377.0,220,128,124,135,132
2025-02-27 14:23:43.075,1566.0,-715.0,554.0,-73.0,-166.0,-346.0,215,124,118,130,129
2025-02-27 14:23:43.079,2545.0,-1725.0,699.0,-113.0,-142.0,-303.0,219,123,121,136,130
2025-02-27 14:23:43.087,3169.0,-2938.0,700.0,-125.0,-108.0,-250.0,217,123,122,135,129
2025-02-27 14:23:43.091,3429.0,-3974.0,586.0,-103.0,-65.0,-191.0,218,122,121,136,132
2025-02-27 14:23:43.099,3468.0,-4631.0,361.0,-53.0,-28.0,-158.0,219,124,121,138,132
2025-02-27 14:23:43.103,3333.0,-4793.0,223.0,-3.0,14.0,-92.0,220,126,122,138,131
2025-02-27 14:23:43.108,2967.0,-4783.0,145.0,41.0,41.0,-30.0,223,130,127,143,136
2025-02-27 14:23:43.112,2468.0,-4421.0,-29.0,72.0,56.0,22.0,222,129,125,140,132
2025-02-27 14:23:43.120,1897.0,-3840.0,-178.0,69.0,7.0,69.0,227,134,130,144,135
2025-02-27 14:23:43.129,1588.0,-3081.0,-63.0,98.0,6.0,99.0,216,121,116,132,122
2025-02-27 14:23:43.132,1250.0,-3116.0,31.0,76.0,8.0,110.0,218,124,120,133,126
2025-02-27 14:23:43.136,896.0,-2579.0,-168.0,65.0,-10.0,129.0,220,126,122,137,130
2025-02-27 14:23:43.140,595.0,-2248.0,118.0,37.0,-30.0,151.0,224,131,127,141,135
2025-02-27 14:23:43.144,479.0,-2153.0,190.0,22.0,-49.0,171.0,222,130,125,139,132
2025-02-27 14:23:43.152,482.0,-2040.0,290.0,8.0,-58.0,187.0,219,125,122,134,131
2025-02-27 14:23:43.156,559.0,-1904.0,442.0,1.0,-57.0,190.0,217,122,119,134,126
2025-02-27 14:23:43.161,454.0,-1903.0,489.0,3.0,-51.0,195.0,222,134,129,147,138
2025-02-27 14:23:43.165,448.0,-1870.0,511.0,16.0,-35.0,196.0,225,134,129,145,137
2025-02-27 14:23:43.173,385.0,-1828.0,549.0,28.0,-17.0,198.0,222,131,126,140,134
2025-02-27 14:23:43.176,383.0,-1710.0,574.0,46.0,-5.0,204.0,226,134,131,147,140
2025-02-27 14:23:43.181,372.0,-1533.0,578.0,57.0,15.0,213.0,223,131,128,142,135
2025-02-27 14:23:43.188,250.0,-1450.0,533.0,67.0,28.0,219.0,224,133,128,144,138
2025-02-27 14:23:43.193,224.0,-1166.0,596.0,68.0,42.0,226.0,235,144,139,153,148
2025-02-27 14:23:43.197,140.0,-946.0,637.0,59.0,54.0,231.0,230,139,136,150,143
2025-02-27 14:23:43.205,35.0,-804.0,536.0,55.0,52.0,233.0,217,127,122,137,130
2025-02-27 14:23:43.209,-64.0,-772.0,561.0,48.0,61.0,234.0,216,125,119,134,128
2025-02-27 14:23:43.213,-229.0,-586.0,506.0,45.0,54.0,233.0,221,131,126,138,138
2025-02-27 14:23:43.218,-301.0,-443.0,490.0,38.0,56.0,228.0,223,134,129,138,137
2025-02-27 14:23:43.226,-344.0,-344.0,475.0,36.0,58.0,216.0,219,125,121,132,128
2025-02-27 14:23:43.230,-353.0,-234.0,534.0,26.0,60.0,203.0,214,124,117,130,127
2025-02-27 14:23:43.234,-415.0,-174.0,547.0,6.0,68.0,195.0,221,132,126,139,133
2025-02-27 14:23:43.242,-473.0,-190.0,488.0,-10.0,72.0,180.0,215,126,120,137,129
2025-02-27 14:23:43.246,-465.0,-146.0,457.0,-12.0,71.0,162.0,211,122,114,130,125
2025-02-27 14:23:43.251,-432.0,-131.0,513.0,-27.0,80.0,147.0,208,113,108,122,119
2025-02-27 14:23:43.258,-440.0,-145.0,466.0,-41.0,81.0,134.0,203,115,108,125,117
2025-02-27 14:23:43.263,-423.0,-196.0,408.0,-54.0,88.0,128.0,203,115,108,124,117
2025-02-27 14:23:43.267,-437.0,-241.0,406.0,-73.0,95.0,119.0,206,120,112,130,121
2025-02-27 14:23:43.275,-445.0,-301.0,401.0,-97.0,106.0,120.0,207,121,114,131,122
2025-02-27 14:23:43.279,-416.0,-459.0,283.0,-104.0,106.0,127.0,210,125,117,140,125
2025-02-27 14:23:43.284,-412.0,-615.0,241.0,-115.0,109.0,137.0,206,123,115,132,121
2025-02-27 14:23:43.291,-451.0,-722.0,171.0,-134.0,111.0,150.0,202,121,112,127,117
2025-02-27 14:23:43.296,-476.0,-755.0,94.0,-144.0,106.0,158.0,202,120,112,129,116
2025-02-27 14:23:43.300,-439.0,-831.0,72.0,-146.0,102.0,165.0,205,121,112,129,117
2025-02-27 14:23:43.308,-433.0,-826.0,1.0,-133.0,97.0,175.0,207,128,120,136,123
2025-02-27 14:23:43.312,-461.0,-810.0,3.0,-119.0,90.0,177.0,205,131,119,137,122
2025-02-27 14:23:43.317,-519.0,-859.0,-50.0,-113.0,80.0,176.0,201,128,117,134,120
2025-02-27 14:23:43.324,-535.0,-812.0,-23.0,-96.0,70.0,170.0,202,128,117,134,121
2025-02-27 14:23:43.329,-545.0,-711.0,-48.0,-82.0,62.0,161.0,200,128,117,133,120
2025-02-27 14:23:43.333,-562.0,-712.0,-50.0,-64.0,50.0,157.0,199,126,116,131,118
2025-02-27 14:23:43.337,-582.0,-627.0,-4.0,-46.0,40.0,142.0,208,139,128,143,129
2025-02-27 14:23:43.345,-579.0,-633.0,79.0,-40.0,28.0,135.0,204,136,125,140,126
2025-02-27 14:23:43.349,-591.0,-553.0,91.0,-35.0,16.0,120.0,203,136,125,139,124
2025-02-27 14:23:43.354,-574.0,-635.0,61.0,-18.0,10.0,113.0,196,131,118,140,121
2025-02-27 14:23:43.361,-511.0,-638.0,113.0,-4.0,9.0,111.0,198,133,121,137,121
2025-02-27 14:23:43.365,-521.0,-584.0,166.0,7.0,9.0,101.0,202,140,126,139,126
2025-02-27 14:23:43.370,-554.0,-521.0,171.0,12.0,6.0,95.0,199,138,123,138,123
2025-02-27 14:23:43.373,-521.0,-666.0,242.0,12.0,8.0,86.0,195,135,120,135,119
2025-02-27 14:23:43.381,-509.0,-682.0,198.0,11.0,11.0,82.0,197,137,122,137,121
2025-02-27 14:23:43.385,-539.0,-734.0,206.0,1.0,14.0,78.0,200,142,126,140,125
2025-02-27 14:23:43.390,-576.0,-710.0,200.0,-1.0,15.0,75.0,197,140,121,136,120
2025-02-27 14:23:43.395,-581.0,-721.0,208.0,-11.0,17.0,73.0,195,139,120,134,117
2025-02-27 14:23:43.402,-588.0,-730.0,247.0,-20.0,18.0,74.0,196,140,119,136,120
2025-02-27 14:23:43.407,-562.0,-747.0,230.0,-31.0,22.0,75.0,202,147,128,142,126
2025-02-27 14:23:43.411,-598.0,-720.0,247.0,-42.0,26.0,79.0,202,146,127,144,127
2025-02-27 14:23:43.418,-642.0,-753.0,195.0,-46.0,27.0,84.0,199,146,127,145,124
2025-02-27 14:23:43.430,-654.0,-793.0,161.0,-55.0,27.0,91.0,200,145,122,141,124
2025-02-27 14:23:43.433,-648.0,-806.0,141.0,-64.0,30.0,94.0,200,146,128,141,125
2025-02-27 14:23:43.435,-616.0,-824.0,156.0,-69.0,34.0,99.0,205,152,133,147,130
2025-02-27 14:23:43.439,-584.0,-823.0,160.0,-73.0,40.0,104.0,216,157,138,153,136
2025-02-27 14:23:43.443,-543.0,-891.0,170.0,-73.0,49.0,108.0,207,152,134,149,131
2025-02-27 14:23:43.451,-519.0,-900.0,139.0,-71.0,54.0,111.0,203,150,132,147,128
2025-02-27 14:23:43.455,-509.0,-884.0,66.0,-68.0,63.0,112.0,205,149,131,145,126
2025-02-27 14:23:43.459,-549.0,-880.0,34.0,-67.0,70.0,112.0,211,158,143,156,138
2025-02-27 14:23:43.464,-602.0,-803.0,-74.0,-65.0,74.0,112.0,210,158,142,155,136
2025-02-27 14:23:43.471,-601.0,-805.0,-88.0,-64.0,78.0,112.0,207,153,139,149,135
2025-02-27 14:23:43.476,-660.0,-799.0,-104.0,-69.0,77.0,113.0,203,148,137,147,128
2025-02-27 14:23:43.480,-676.0,-745.0,-151.0,-67.0,76.0,114.0,205,149,137,146,127
2025-02-27 14:23:43.488,-721.0,-757.0,-129.0,-69.0,72.0,115.0,202,149,136,149,127
2025-02-27 14:23:43.492,-771.0,-712.0,-118.0,-67.0,67.0,113.0,206,152,142,153,131
2025-02-27 14:23:43.497,-774.0,-721.0,-82.0,-57.0,62.0,109.0,210,157,146,157,137
2025-02-27 14:23:43.504,-834.0,-683.0,-78.0,-54.0,67.0,102.0,207,155,145,155,135
2025-02-27 14:23:43.508,-848.0,-645.0,-77.0,-52.0,54.0,98.0,206,152,144,152,134
2025-02-27 14:23:43.513,-880.0,-613.0,-72.0,-42.0,53.0,96.0,200,146,138,149,128
2025-02-27 14:23:43.521,-848.0,-613.0,-80.0,-40.0,44.0,95.0,202,151,142,154,134
2025-02-27 14:23:43.525,-856.0,-637.0,-134.0,-37.0,34.0,96.0,207,153,145,155,137
2025-02-27 14:23:43.530,-814.0,-592.0,-109.0,-40.0,24.0,98.0,206,152,145,155,138
2025-02-27 14:23:43.537,-776.0,-600.0,-110.0,-38.0,18.0,101.0,203,147,140,150,136
2025-02-27 14:23:43.541,-738.0,-633.0,-109.0,-35.0,15.0,106.0,203,148,142,152,133
2025-02-27 14:23:43.546,-712.0,-535.0,-23.0,-40.0,16.0,112.0,200,146,139,149,137
2025-02-27 14:23:43.553,-701.0,-601.0,-56.0,-43.0,13.0,114.0,199,146,138,147,128
2025-02-27 14:23:43.558,-689.0,-592.0,1.0,-41.0,14.0,120.0,208,153,147,156,140
2025-02-27 14:23:43.562,-701.0,-611.0,-25.0,-42.0,15.0,124.0,210,153,144,155,140
2025-02-27 14:23:43.570,-730.0,-618.0,-24.0,-43.0,19.0,127.0,204,150,143,152,138
2025-02-27 14:23:43.573,-736.0,-619.0,-38.0,-37.0,19.0,127.0,198,145,137,149,133
2025-02-27 14:23:43.579,-758.0,-603.0,-64.0,-35.0,19.0,126.0,204,150,142,152,138
2025-02-27 14:23:43.583,-800.0,-584.0,-64.0,-33.0,19.0,125.0,205,150,144,155,141
2025-02-27 14:23:43.591,-820.0,-552.0,-92.0,-25.0,16.0,123.0,205,152,146,159,141
2025-02-27 14:23:43.594,-837.0,-494.0,-82.0,-18.0,13.0,121.0,201,147,141,153,139
2025-02-27 14:23:43.599,-878.0,-451.0,-89.0,-12.0,12.0,120.0,201,143,138,152,137
2025-02-27 14:23:43.607,-877.0,-407.0,-124.0,-7.0,10.0,118.0,195,140,132,146,131
2025-02-27 14:23:43.611,-894.0,-363.0,-193.0,-4.0,6.0,115.0,194,140,133,145,131
2025-02-27 14:23:43.615,-893.0,-334.0,-137.0,-5.0,0.0,110.0,200,146,139,151,137
2025-02-27 14:23:43.623,-895.0,-299.0,-144.0,-4.0,-6.0,108.0,194,140,134,146,132
2025-02-27 14:23:43.627,-912.0,-282.0,-173.0,-2.0,-11.0,102.0,196,143,136,149,134
2025-02-27 14:23:43.632,-913.0,-254.0,-112.0,-11.0,-17.0,97.0,188,135,129,140,125
2025-02-27 14:23:43.639,-903.0,-259.0,-111.0,-11.0,-22.0,93.0,193,138,130,143,128
2025-02-27 14:23:43.644,-906.0,-254.0,-31.0,-18.0,-27.0,91.0,191,137,130,141,129
2025-02-27 14:23:43.648,-888.0,-230.0,4.0,-27.0,-31.0,90.0,197,144,135,149,135
2025-02-27 14:23:43.656,-883.0,-245.0,13.0,-24.0,-33.0,89.0,203,147,142,156,138
2025-02-27 14:23:43.660,-897.0,-414.0,-4.0,-18.0,-34.0,88.0,203,149,142,156,139
2025-02-27 14:23:43.664,-923.0,-279.0,-13.0,-10.0,-33.0,89.0,198,142,137,149,135
2025-02-27 14:23:43.669,-896.0,-281.0,29.0,-4.0,-30.0,87.0,197,141,135,149,134
2025-02-27 14:23:43.676,-869.0,-272.0,-1.0,-3.0,-28.0,89.0,201,144,138,153,137
2025-02-27 14:23:43.681,-851.0,-284.0,-32.0,-5.0,-28.0,86.0,203,147,140,157,140
2025-02-27 14:23:43.685,-784.0,-288.0,-61.0,-6.0,-18.0,88.0,199,141,134,150,136
2025-02-27 14:23:43.697,-767.0,-330.0,-168.0,2.0,-13.0,87.0,192,133,126,143,127
2025-02-27 14:23:43.700,-764.0,-358.0,-271.0,12.0,-5.0,85.0,187,128,120,137,121
2025-02-27 14:23:43.702,-765.0,-314.0,-293.0,20.0,4.0,82.0,189,128,120,140,121
2025-02-27 14:23:43.709,-781.0,-215.0,-274.0,26.0,14.0,76.0,185,125,116,135,121
2025-02-27 14:23:43.713,-834.0,-160.0,-255.0,41.0,17.0,70.0,179,119,113,129,113
2025-02-27 14:23:43.718,-880.0,-64.0,-301.0,51.0,18.0,63.0,177,116,108,126,108
2025-02-27 14:23:43.721,-964.0,-34.0,-280.0,58.0,17.0,59.0,177,117,108,123,110
2025-02-27 14:23:43.729,-1041.0,39.0,-292.0,65.0,11.0,51.0,172,111,101,117,104
2025-02-27 14:23:43.733,-1146.0,166.0,-281.0,63.0,3.0,42.0,166,104,95,109,96
2025-02-27 14:23:43.738,-1208.0,228.0,-315.0,63.0,-3.0,31.0,161,95,87,104,90
2025-02-27 14:23:43.743,-1279.0,270.0,-293.0,57.0,-18.0,26.0,158,94,85,101,88
2025-02-27 14:23:43.750,-1302.0,345.0,-280.0,57.0,-22.0,19.0,153,90,79,96,83
2025-02-27 14:23:43.755,-1405.0,719.0,-509.0,33.0,-33.0,7.0,149,84,74,92,77
2025-02-27 14:23:43.759,-1356.0,456.0,-125.0,35.0,-55.0,3.0,146,79,70,87,73
2025-02-27 14:23:43.762,-1126.0,324.0,-158.0,24.0,-61.0,-7.0,148,82,73,91,75
2025-02-27 14:23:43.770,-1081.0,202.0,-125.0,20.0,-64.0,-13.0,146,81,71,89,72
2025-02-27 14:23:43.774,-1038.0,250.0,-102.0,8.0,-63.0,-22.0,144,77,67,87,69
2025-02-27 14:23:43.779,-997.0,211.0,-20.0,3.0,-56.0,-25.0,144,79,69,87,70
2025-02-27 14:23:43.784,-932.0,129.0,-26.0,-1.0,-44.0,-28.0,145,77,67,86,69
2025-02-27 14:23:43.788,-937.0,52.0,0.0,-8.0,-37.0,-32.0,144,77,67,86,68
2025-02-27 14:23:43.792,-924.0,32.0,54.0,-13.0,-22.0,-34.0,145,78,69,85,71
2025-02-27 14:23:43.799,-947.0,-50.0,42.0,-14.0,-8.0,-36.0,145,77,68,84,69
2025-02-27 14:23:43.804,-959.0,-127.0,24.0,-14.0,-2.0,-39.0,144,76,66,84,68
2025-02-27 14:23:43.807,-1005.0,-120.0,47.0,-13.0,9.0,-39.0,144,76,66,84,68
2025-02-27 14:23:43.811,-1064.0,-173.0,8.0,-11.0,16.0,-42.0,143,77,64,81,67
2025-02-27 14:23:43.819,-1087.0,-188.0,-14.0,-9.0,18.0,-44.0,143,72,63,81,66
2025-02-27 14:23:43.824,-1149.0,-198.0,-5.0,-8.0,20.0,-44.0,143,72,65,80,66
2025-02-27 14:23:43.828,-1186.0,-246.0,-38.0,-6.0,16.0,-44.0,143,74,64,78,64
2025-02-27 14:23:43.832,-1194.0,-267.0,-36.0,-9.0,15.0,-43.0,142,72,62,78,64
2025-02-27 14:23:43.839,-1183.0,-294.0,-68.0,-12.0,11.0,-41.0,142,72,62,75,64
2025-02-27 14:23:43.844,-1192.0,-318.0,-80.0,-14.0,4.0,-40.0,142,72,61,78,64
2025-02-27 14:23:43.848,-1180.0,-333.0,-72.0,-17.0,-2.0,-38.0,142,72,62,76,64
2025-02-27 14:23:43.853,-1173.0,-412.0,-110.0,-17.0,-4.0,-37.0,140,72,62,76,63
2025-02-27 14:23:43.860,-1138.0,-386.0,-97.0,-21.0,-6.0,-36.0,143,74,63,78,65
2025-02-27 14:23:43.864,-1124.0,-422.0,-108.0,-23.0,-9.0,-35.0,143,74,63,78,65
2025-02-27 14:23:43.869,-1073.0,-448.0,-117.0,-24.0,-11.0,-33.0,142,73,62,76,64
2025-02-27 14:23:43.873,-1066.0,-460.0,-121.0,-25.0,-12.0,-33.0,141,72,59,74,62
2025-02-27 14:23:43.881,-1045.0,-486.0,-136.0,-21.0,-14.0,-32.0,140,72,61,75,63
2025-02-27 14:23:43.885,-1009.0,-499.0,-150.0,-20.0,-13.0,-30.0,139,72,61,76,63
2025-02-27 14:23:43.889,-972.0,-506.0,-124.0,-9.0,-17.0,-30.0,140,74,62,75,63
2025-02-27 14:23:43.898,-947.0,-465.0,-139.0,-6.0,-17.0,-29.0,140,72,62,75,64
2025-02-27 14:23:43.902,-939.0,-412.0,-146.0,-2.0,-19.0,-29.0,140,72,62,76,62
2025-02-27 14:23:43.906,-932.0,-410.0,-173.0,5.0,-21.0,-29.0,140,72,61,75,63
2025-02-27 14:23:43.909,-868.0,-331.0,-176.0,7.0,-22.0,-29.0,139,72,61,75,63
2025-02-27 14:23:43.915,-885.0,-299.0,-180.0,13.0,-25.0,-31.0,140,72,60,75,63
2025-02-27 14:23:43.922,-853.0,-260.0,-177.0,17.0,-28.0,-32.0,139,73,62,75,63
2025-02-27 14:23:43.926,-844.0,-239.0,-189.0,21.0,-32.0,-35.0,139,72,62,76,63
2025-02-27 14:23:43.930,-793.0,-162.0,-174.0,22.0,-35.0,-38.0,139,73,61,75,63
2025-02-27 14:23:43.938,-767.0,-140.0,-138.0,23.0,-36.0,-38.0,138,72,61,75,64
2025-02-27 14:23:43.942,-728.0,-127.0,-82.0,17.0,-38.0,-38.0,140,73,62,75,64
2025-02-27 14:23:43.946,-698.0,-125.0,-102.0,12.0,-41.0,-36.0,139,72,62,76,63
2025-02-27 14:23:43.951,-654.0,-100.0,-28.0,7.0,-41.0,-33.0,139,72,62,76,63
2025-02-27 14:23:43.955,-649.0,-136.0,8.0,0.0,-41.0,-31.0,139,72,62,76,63
2025-02-27 14:23:43.963,-616.0,-143.0,16.0,-4.0,-39.0,-28.0,139,73,63,77,64
2025-02-27 14:23:43.967,-592.0,-189.0,43.0,-5.0,-36.0,-25.0,139,73,61,76,64
2025-02-27 14:23:43.971,-597.0,-232.0,56.0,-6.0,-34.0,-23.0,139,74,62,76,64
2025-02-27 14:23:43.975,-597.0,-243.0,56.0,-4.0,-28.0,-21.0,139,74,63,79,65
2025-02-27 14:23:43.980,-605.0,-282.0,68.0,-3.0,-21.0,-19.0,139,74,64,78,66
2025-02-27 14:23:43.987,-600.0,-293.0,86.0,1.0,-17.0,-18.0,139,74,63,77,64
2025-02-27 14:23:43.992,-622.0,-312.0,61.0,7.0,-11.0,-17.0,140,74,63,78,65
2025-02-27 14:23:43.996,-641.0,-285.0,51.0,10.0,-4.0,-17.0,140,73,63,72,66
2025-02-27 14:23:44.000,-651.0,-285.0,30.0,14.0,-1.0,-18.0,139,74,63,73,66
2025-02-27 14:23:44.005,-682.0,-263.0,29.0,18.0,4.0,-19.0,139,74,64,77,67
2025-02-27 14:23:44.012,-704.0,-260.0,15.0,20.0,9.0,-21.0,139,74,63,76,66
2025-02-27 14:23:44.016,-706.0,-258.0,20.0,21.0,10.0,-22.0,138,74,63,75,66
2025-02-27 14:23:44.021,-708.0,-274.0,27.0,23.0,16.0,-24.0,139,75,65,76,68
2025-02-27 14:23:44.025,-691.0,-315.0,58.0,24.0,23.0,-24.0,138,74,65,75,67
2025-02-27 14:23:44.030,-698.0,-346.0,78.0,26.0,27.0,-23.0,138,75,64,73,65
2025-02-27 14:23:44.037,-698.0,-392.0,87.0,30.0,37.0,-23.0,140,75,65,79,68
2025-02-27 14:23:44.041,-715.0,-440.0,63.0,34.0,44.0,-20.0,142,75,66,78,68
2025-02-27 14:23:44.045,-737.0,-462.0,87.0,35.0,47.0,-17.0,138,76,66,77,69
2025-02-27 14:23:44.049,-756.0,-469.0,58.0,33.0,53.0,-14.0,139,75,67,80,69
2025-02-27 14:23:44.054,-786.0,-476.0,54.0,32.0,55.0,-8.0,139,77,68,80,69
2025-02-27 14:23:44.058,-788.0,-506.0,61.0,28.0,56.0,-2.0,139,78,68,81,70
2025-02-27 14:23:44.065,-829.0,-523.0,37.0,21.0,55.0,2.0,139,77,69,81,71
2025-02-27 14:23:44.069,-855.0,-526.0,37.0,17.0,56.0,7.0,139,77,70,82,71
2025-02-27 14:23:44.074,-873.0,-546.0,4.0,13.0,57.0,13.0,140,77,68,83,70
2025-02-27 14:23:44.078,-901.0,-581.0,-65.0,10.0,57.0,16.0,139,78,71,85,72
2025-02-27 14:23:44.082,-917.0,-584.0,-92.0,7.0,57.0,21.0,141,78,70,84,72
2025-02-27 14:23:44.086,-912.0,-623.0,-162.0,3.0,56.0,28.0,140,78,73,85,72
2025-02-27 14:23:44.094,-916.0,-641.0,-255.0,3.0,56.0,32.0,140,79,72,86,73
2025-02-27 14:23:44.098,-934.0,-670.0,-305.0,5.0,53.0,40.0,141,79,72,86,73
2025-02-27 14:23:44.102,-948.0,-727.0,-357.0,8.0,51.0,49.0,141,80,72,87,74
2025-02-27 14:23:44.107,-946.0,-748.0,-452.0,12.0,47.0,54.0,141,80,75,89,76
2025-02-27 14:23:44.111,-924.0,-838.0,-436.0,15.0,42.0,66.0,141,81,74,89,76
2025-02-27 14:23:44.119,-883.0,-854.0,-522.0,16.0,40.0,80.0,141,82,75,91,76
2025-02-27 14:23:44.123,-873.0,-877.0,-527.0,20.0,35.0,88.0,142,83,77,91,78
2025-02-27 14:23:44.127,-856.0,-653.0,-753.0,23.0,27.0,98.0,142,84,78,92,80
2025-02-27 14:23:44.131,-867.0,-720.0,-545.0,37.0,25.0,105.0,141,84,79,96,81
2025-02-27 14:23:44.139,-872.0,-455.0,-658.0,42.0,27.0,108.0,142,86,81,98,83
2025-02-27 14:23:44.143,-992.0,-430.0,-385.0,67.0,19.0,115.0,143,87,82,99,86
2025-02-27 14:23:44.147,-1024.0,-244.0,-438.0,93.0,12.0,120.0,142,87,82,99,87
2025-02-27 14:23:44.151,-1017.0,-8.0,-884.0,136.0,2.0,109.0,143,88,85,100,90
2025-02-27 14:23:44.159,-981.0,-88.0,-331.0,153.0,20.0,105.0,144,91,87,99,90
2025-02-27 14:23:44.163,-1137.0,553.0,-790.0,148.0,19.0,92.0,143,91,88,98,93
2025-02-27 14:23:44.167,-1115.0,368.0,-232.0,174.0,-3.0,88.0,144,92,89,101,95
2025-02-27 14:23:44.172,-1205.0,421.0,-522.0,159.0,-40.0,66.0,145,95,91,102,98
2025-02-27 14:23:44.180,-1197.0,795.0,-667.0,152.0,-92.0,32.0,145,96,92,103,99
2025-02-27 14:23:44.185,-1087.0,891.0,-510.0,155.0,-123.0,19.0,146,99,94,105,100
2025-02-27 14:23:44.189,-980.0,725.0,-268.0,177.0,-119.0,-14.0,146,99,95,104,103
2025-02-27 14:23:44.196,-848.0,715.0,48.0,191.0,-119.0,-58.0,147,102,94,106,105
2025-02-27 14:23:44.201,-795.0,1284.0,-336.0,169.0,-132.0,-101.0,147,102,95,106,108
2025-02-27 14:23:44.205,-732.0,875.0,405.0,182.0,-110.0,-108.0,148,105,95,108,111
2025-02-27 14:23:44.213,-770.0,1255.0,50.0,223.0,-64.0,-129.0,148,106,94,107,115
2025-02-27 14:23:44.217,-741.0,2186.0,-211.0,191.0,-112.0,-181.0,150,107,92,108,116
2025-02-27 14:23:44.222,-596.0,1375.0,-17.0,207.0,-78.0,-208.0,149,109,97,110,118
2025-02-27 14:23:44.229,-599.0,856.0,201.0,218.0,-60.0,-240.0,150,109,98,107,117
2025-02-27 14:23:44.234,-1197.0,1357.0,-794.0,243.0,-89.0,-239.0,152,109,97,106,118
2025-02-27 14:23:44.238,-1344.0,1290.0,-582.0,250.0,-83.0,-226.0,151,110,98,108,120
2025-02-27 14:23:44.246,-1104.0,996.0,-845.0,249.0,-121.0,-234.0,151,108,97,108,122
2025-02-27 14:23:44.250,-1039.0,1115.0,-880.0,239.0,-152.0,-238.0,152,111,100,108,121
2025-02-27 14:23:44.258,-933.0,1257.0,-672.0,229.0,-191.0,-242.0,151,112,102,108,122
2025-02-27 14:23:44.262,-714.0,1138.0,-483.0,241.0,-200.0,-247.0,154,112,103,109,123
2025-02-27 14:23:44.266,-671.0,876.0,-193.0,236.0,-203.0,-247.0,153,112,103,108,123
2025-02-27 14:23:44.275,-724.0,815.0,-114.0,249.0,-200.0,-242.0,152,112,103,109,125
2025-02-27 14:23:44.279,-599.0,803.0,-124.0,264.0,-198.0,-242.0,155,114,105,109,125
2025-02-27 14:23:44.283,-512.0,810.0,-54.0,280.0,-190.0,-245.0,155,114,105,110,125
2025-02-27 14:23:44.290,-457.0,691.0,118.0,287.0,-175.0,-252.0,156,115,105,111,126
2025-02-27 14:23:44.295,-434.0,577.0,221.0,284.0,-169.0,-258.0,156,114,106,109,126
2025-02-27 14:23:44.302,-429.0,417.0,354.0,275.0,-173.0,-271.0,157,115,107,112,126
2025-02-27 14:23:44.307,-369.0,317.0,429.0,254.0,-183.0,-284.0,157,115,107,111,127
2025-02-27 14:23:44.312,-336.0,185.0,584.0,239.0,-201.0,-296.0,156,115,106,110,125
2025-02-27 14:23:44.319,-144.0,112.0,850.0,198.0,-217.0,-296.0,156,116,107,110,125
2025-02-27 14:23:44.324,200.0,-64.0,1117.0,160.0,-239.0,-296.0,160,115,108,112,126
2025-02-27 14:23:44.328,306.0,-288.0,1387.0,91.0,-273.0,-302.0,156,116,109,112,128
2025-02-27 14:23:44.335,486.0,-764.0,1725.0,38.0,-278.0,-296.0,158,116,109,111,127
2025-02-27 14:23:44.340,627.0,-1297.0,1912.0,20.0,-287.0,-283.0,157,116,110,113,128
2025-02-27 14:23:44.345,891.0,-2016.0,2250.0,1.0,-297.0,-270.0,157,118,109,111,126
2025-02-27 14:23:44.352,1311.0,-2547.0,2618.0,-15.0,-285.0,-250.0,158,116,110,111,127
2025-02-27 14:23:44.356,1544.0,-3034.0,3011.0,-3.0,-254.0,-218.0,157,116,109,110,126
2025-02-27 14:23:44.364,1525.0,-3364.0,2939.0,-76.0,-244.0,-188.0,157,115,111,112,127
2025-02-27 14:23:44.369,1468.0,-3743.0,2732.0,-109.0,-229.0,-151.0,157,117,110,112,127
2025-02-27 14:23:44.377,1550.0,-3834.0,2945.0,-150.0,-221.0,-101.0,157,115,111,111,124
2025-02-27 14:23:44.381,1629.0,-3472.0,3042.0,-154.0,-143.0,-59.0,158,116,112,111,123
2025-02-27 14:23:44.386,1504.0,-3665.0,3013.0,-128.0,-51.0,-9.0,158,118,113,114,125
2025-02-27 14:23:44.393,1227.0,-3759.0,2422.0,-122.0,21.0,48.0,159,117,113,113,122
2025-02-27 14:23:44.398,850.0,-3815.0,2173.0,-98.0,70.0,73.0,158,117,113,113,123
2025-02-27 14:23:44.401,730.0,-3691.0,1975.0,-87.0,114.0,126.0,159,117,114,115,123
2025-02-27 14:23:44.410,564.0,-3459.0,1886.0,-91.0,153.0,170.0,158,117,115,113,123
2025-02-27 14:23:44.414,405.0,-2950.0,1565.0,-53.0,176.0,207.0,159,116,114,114,121
2025-02-27 14:23:44.421,212.0,-2555.0,1286.0,-36.0,175.0,230.0,159,116,114,115,121
2025-02-27 14:23:44.426,61.0,-2088.0,1073.0,0.0,172.0,244.0,159,118,115,115,120
2025-02-27 14:23:44.431,47.0,-1782.0,1234.0,28.0,177.0,249.0,159,116,113,114,120
2025-02-27 14:23:44.434,55.0,-1657.0,1181.0,52.0,199.0,251.0,158,115,114,114,121
2025-02-27 14:23:44.442,-17.0,-1401.0,1043.0,45.0,208.0,251.0,160,118,114,114,123
2025-02-27 14:23:44.446,-128.0,-1209.0,937.0,43.0,208.0,250.0,160,116,114,115,124
2025-02-27 14:23:44.451,-188.0,-952.0,821.0,39.0,205.0,243.0,159,115,113,115,123
2025-02-27 14:23:44.459,-198.0,-745.0,770.0,23.0,201.0,234.0,158,116,113,115,122
2025-02-27 14:23:44.463,-223.0,-555.0,703.0,24.0,201.0,219.0,159,116,113,109,122
2025-02-27 14:23:44.467,-262.0,-450.0,761.0,30.0,204.0,213.0,158,114,112,113,122
2025-02-27 14:23:44.475,-274.0,-356.0,612.0,27.0,208.0,197.0,160,116,114,112,123
2025-02-27 14:23:44.480,-329.0,-238.0,572.0,50.0,208.0,182.0,160,115,112,115,123
2025-02-27 14:23:44.484,-344.0,-186.0,556.0,46.0,216.0,166.0,163,115,112,114,122
2025-02-27 14:23:44.492,-395.0,-76.0,223.0,30.0,195.0,152.0,158,114,111,115,121
2025-02-27 14:23:44.496,-450.0,-11.0,86.0,12.0,185.0,138.0,160,115,111,113,121
2025-02-27 14:23:44.500,-468.0,-32.0,78.0,-11.0,180.0,131.0,159,115,111,114,122
2025-02-27 14:23:44.507,-570.0,-16.0,81.0,-50.0,182.0,124.0,158,114,111,114,122
2025-02-27 14:23:44.512,-595.0,43.0,-5.0,-73.0,172.0,116.0,158,114,110,114,122
2025-02-27 14:23:44.516,-621.0,72.0,-94.0,-115.0,168.0,112.0,157,114,110,114,122
2025-02-27 14:23:44.520,-470.0,110.0,-188.0,-114.0,166.0,106.0,159,114,111,114,122
2025-02-27 14:23:44.528,-659.0,81.0,-270.0,-126.0,162.0,101.0,157,114,110,113,120
2025-02-27 14:23:44.532,-670.0,74.0,-399.0,-145.0,131.0,100.0,157,115,113,115,122
2025-02-27 14:23:44.537,-612.0,175.0,-372.0,-133.0,116.0,95.0,157,114,109,113,121
2025-02-27 14:23:44.545,-615.0,156.0,-328.0,-125.0,106.0,92.0,157,114,110,114,123
2025-02-27 14:23:44.549,-591.0,181.0,-375.0,-115.0,101.0,84.0,157,115,109,115,123
2025-02-27 14:23:44.553,-560.0,231.0,-412.0,-100.0,94.0,77.0,156,114,108,113,122
2025-02-27 14:23:44.561,-713.0,154.0,-556.0,-79.0,63.0,74.0,156,113,109,115,122
2025-02-27 14:23:44.565,-633.0,197.0,-193.0,-86.0,67.0,63.0,158,114,110,115,122
2025-02-27 14:23:44.569,-695.0,208.0,-264.0,-50.0,67.0,56.0,157,116,110,114,122
2025-02-27 14:23:44.577,-651.0,277.0,-234.0,-59.0,67.0,44.0,156,114,110,114,124
2025-02-27 14:23:44.582,-671.0,225.0,-215.0,-58.0,63.0,35.0,156,114,109,115,122
2025-02-27 14:23:44.586,-738.0,230.0,-271.0,-45.0,49.0,31.0,156,113,110,115,123
2025-02-27 14:23:44.594,-768.0,252.0,-115.0,-54.0,44.0,22.0,156,115,109,114,123
2025-02-27 14:23:44.598,-743.0,240.0,-143.0,-52.0,40.0,14.0,158,114,111,114,123
2025-02-27 14:23:44.602,-754.0,212.0,-84.0,-59.0,37.0,6.0,157,115,110,114,124
2025-02-27 14:23:44.607,-771.0,166.0,-212.0,-53.0,30.0,1.0,157,113,110,114,123
2025-02-27 14:23:44.614,-784.0,159.0,-123.0,-62.0,26.0,-2.0,157,113,109,114,121
2025-02-27 14:23:44.619,-788.0,86.0,-161.0,-57.0,15.0,-7.0,157,115,109,114,122
2025-02-27 14:23:44.623,-771.0,60.0,-145.0,-54.0,8.0,-10.0,156,114,110,115,124
2025-02-27 14:23:44.630,-762.0,65.0,-154.0,-52.0,5.0,-11.0,156,114,108,115,122
2025-02-27 14:23:44.635,-776.0,31.0,-124.0,-53.0,-4.0,-12.0,151,114,110,113,122
2025-02-27 14:23:44.639,-759.0,-23.0,-72.0,-59.0,-7.0,-14.0,156,114,109,114,123
2025-02-27 14:23:44.643,-741.0,-52.0,-55.0,-63.0,-12.0,-17.0,156,113,111,114,122
2025-02-27 14:23:44.651,-740.0,-87.0,-16.0,-64.0,-16.0,-18.0,156,114,110,113,123
2025-02-27 14:23:44.655,-717.0,-195.0,25.0,-61.0,-16.0,-18.0,155,114,109,113,123
2025-02-27 14:23:44.659,-697.0,-298.0,39.0,-52.0,-13.0,-17.0,156,114,112,115,123
2025-02-27 14:23:44.667,-688.0,-308.0,62.0,-35.0,-4.0,-15.0,155,114,110,113,122
2025-02-27 14:23:44.672,-707.0,-352.0,63.0,-9.0,7.0,-11.0,156,112,108,117,122
2025-02-27 14:23:44.676,-719.0,-400.0,67.0,4.0,18.0,-7.0,155,114,111,112,122
2025-02-27 14:23:44.680,-729.0,-396.0,55.0,22.0,24.0,-1.0,158,114,112,113,123
2025-02-27 14:23:44.688,-762.0,-403.0,22.0,39.0,32.0,1.0,156,114,111,113,122
2025-02-27 14:23:44.701,-762.0,-349.0,37.0,49.0,37.0,6.0,157,115,110,114,122
2025-02-27 14:23:44.703,-780.0,-306.0,-25.0,55.0,37.0,11.0,155,113,110,114,122
2025-02-27 14:23:44.705,-801.0,-233.0,-6.0,60.0,37.0,14.0,156,114,112,116,122
2025-02-27 14:23:44.708,-848.0,-228.0,-39.0,61.0,34.0,16.0,158,116,110,115,123
2025-02-27 14:23:44.713,-851.0,-201.0,10.0,58.0,31.0,17.0,155,114,110,115,122
2025-02-27 14:23:44.717,-887.0,-205.0,12.0,52.0,25.0,15.0,155,114,110,115,122
2025-02-27 14:23:44.722,-916.0,-184.0,39.0,41.0,25.0,14.0,155,114,110,114,121
2025-02-27 14:23:44.729,-939.0,-171.0,-3.0,34.0,19.0,13.0,156,116,112,115,122
2025-02-27 14:23:44.733,-961.0,-166.0,4.0,24.0,13.0,9.0,155,115,111,115,124
2025-02-27 14:23:44.738,-978.0,-121.0,0.0,21.0,12.0,6.0,156,113,110,114,122
2025-02-27 14:23:44.742,-1001.0,-175.0,-11.0,11.0,8.0,3.0,156,114,110,115,123
2025-02-27 14:23:44.750,-1016.0,-140.0,-25.0,1.0,4.0,-2.0,154,115,110,115,124
2025-02-27 14:23:44.754,-1031.0,-142.0,-18.0,-3.0,0.0,-6.0,155,113,110,114,123
2025-02-27 14:23:44.759,-1033.0,-118.0,-27.0,-13.0,-2.0,-11.0,154,113,110,114,126
2025-02-27 14:23:44.766,-1049.0,-130.0,-36.0,-11.0,-8.0,-14.0,155,113,110,114,123
2025-02-27 14:23:44.770,-1031.0,-138.0,-42.0,-8.0,-10.0,-19.0,155,115,110,115,122
2025-02-27 14:23:44.774,-1035.0,-123.0,-61.0,0.0,-15.0,-24.0,156,113,110,114,122
2025-02-27 14:23:44.782,-1016.0,-132.0,-58.0,3.0,-21.0,-28.0,156,115,111,115,122
2025-02-27 14:23:44.786,-1028.0,-128.0,-92.0,12.0,-30.0,-31.0,155,114,111,115,122
2025-02-27 14:23:44.791,-1029.0,-71.0,-54.0,25.0,-30.0,-32.0,156,114,111,114,121
2025-02-27 14:23:44.798,-1019.0,1.0,-39.0,35.0,-33.0,-31.0,156,113,110,113,123
2025-02-27 14:23:44.802,-1014.0,14.0,-25.0,52.0,-35.0,-31.0,155,114,112,115,122
2025-02-27 14:23:44.807,-1000.0,125.0,-5.0,67.0,-35.0,-27.0,154,114,111,114,122
2025-02-27 14:23:44.811,-989.0,250.0,-10.0,74.0,-32.0,-22.0,155,114,110,114,122
2025-02-27 14:23:44.819,-975.0,373.0,-16.0,92.0,-32.0,-20.0,154,112,109,113,123
2025-02-27 14:23:44.823,-949.0,508.0,-98.0,114.0,-29.0,-20.0,154,114,111,116,122
2025-02-27 14:23:44.827,-959.0,650.0,-182.0,143.0,-29.0,-22.0,155,114,110,114,122
2025-02-27 14:23:44.836,-970.0,839.0,-225.0,174.0,-30.0,-30.0,154,114,108,115,122
2025-02-27 14:23:44.839,-978.0,1035.0,-437.0,219.0,-40.0,-43.0,154,114,109,114,122
2025-02-27 14:23:44.844,-979.0,1138.0,-848.0,242.0,-67.0,-62.0,154,113,110,115,123
2025-02-27 14:23:44.851,-1162.0,1142.0,-1230.0,287.0,-97.0,-80.0,154,113,109,114,122
2025-02-27 14:23:44.856,-1378.0,1198.0,-1683.0,314.0,-111.0,-105.0,155,114,108,113,121
2025-02-27 14:23:44.865,-1609.0,1192.0,-2134.0,351.0,-141.0,-140.0,155,114,108,117,123
2025-02-27 14:23:44.869,-1636.0,1185.0,-2421.0,410.0,-200.0,-171.0,154,113,109,114,121
2025-02-27 14:23:44.877,-1590.0,1615.0,-2682.0,453.0,-248.0,-214.0,156,114,109,112,120
2025-02-27 14:23:44.881,-1396.0,2066.0,-2492.0,476.0,-313.0,-253.0,156,113,109,114,121
2025-02-27 14:23:44.889,-2021.0,-2021.0,-2021.0,-253.0,-253.0,-253.0,156,116,110,115,122
2025-02-27 14:23:44.893,-2021.0,-2021.0,-2021.0,-253.0,-253.0,-253.0,157,115,110,115,122
2025-02-27 14:23:44.901,-2021.0,-2021.0,-2021.0,-253.0,-253.0,-253.0,157,118,111,114,123
2025-02-27 14:23:44.906,-2021.0,-2021.0,-2021.0,-253.0,-253.0,-253.0,158,119,112,118,123
2025-02-27 14:23:44.912,-2021.0,-2021.0,-2021.0,-253.0,-253.0,-253.0,158,117,113,116,123
2025-02-27 14:23:44.918,-2021.0,-2021.0,-2021.0,-253.0,-253.0,-253.0,157,117,111,115,124
2025-02-27 14:23:44.922,3937.0,-3545.0,2530.0,-427.0,-901.0,-320.0,158,119,114,118,124
2025-02-27 14:23:44.930,4229.0,-4597.0,5886.0,-320.0,-401.0,-328.0,158,119,113,116,124
2025-02-27 14:23:44.935,4191.0,-4201.0,3900.0,-203.0,-201.0,-261.0,157,120,114,115,124
2025-02-27 14:23:44.942,3086.0,-4702.0,1673.0,-188.0,-161.0,-197.0,158,120,114,117,123
2025-02-27 14:23:44.946,2474.0,-4846.0,2078.0,26.0,-77.0,-90.0,158,120,114,116,124
2025-02-27 14:23:44.951,2383.0,-4494.0,2057.0,56.0,10.0,9.0,158,120,115,116,123
2025-02-27 14:23:44.958,2142.0,-4308.0,2502.0,36.0,116.0,108.0,158,118,115,116,123
2025-02-27 14:23:44.962,2067.0,-3873.0,2533.0,-31.0,154.0,165.0,158,119,112,117,125
2025-02-27 14:23:44.970,1766.0,-3066.0,1902.0,-61.0,178.0,203.0,158,119,112,117,126
2025-02-27 14:23:44.974,1237.0,-2371.0,1636.0,-118.0,192.0,204.0,158,119,115,116,127
2025-02-27 14:23:44.979,797.0,-2183.0,1758.0,-146.0,216.0,216.0,158,119,114,116,128
2025-02-27 14:23:44.987,105.0,-1411.0,1279.0,-141.0,187.0,229.0,159,118,116,116,130
2025-02-27 14:23:44.992,-217.0,-1007.0,1314.0,-160.0,246.0,244.0,159,118,114,117,131
2025-02-27 14:23:44.996,-577.0,-555.0,1170.0,-161.0,226.0,240.0,158,117,115,116,130
2025-02-27 14:23:45.004,-796.0,-405.0,627.0,-157.0,178.0,231.0,158,119,116,117,132
2025-02-27 14:23:45.008,-790.0,-232.0,587.0,-141.0,132.0,210.0,159,118,115,117,131
2025-02-27 14:23:45.016,-744.0,-259.0,872.0,-135.0,115.0,191.0,158,117,113,115,129
2025-02-27 14:23:45.020,-747.0,-265.0,662.0,-116.0,114.0,170.0,160,116,115,117,129
2025-02-27 14:23:45.024,-560.0,-280.0,797.0,-57.0,104.0,152.0,158,117,114,117,129
2025-02-27 14:23:45.032,-726.0,-179.0,658.0,-92.0,103.0,138.0,158,117,114,116,127
2025-02-27 14:23:45.036,-841.0,-42.0,9.0,-37.0,12.0,117.0,157,116,114,115,127
2025-02-27 14:23:45.041,-650.0,-338.0,629.0,-23.0,28.0,99.0,158,117,114,117,126
2025-02-27 14:23:45.045,-679.0,-345.0,673.0,27.0,13.0,82.0,157,117,113,116,126
2025-02-27 14:23:45.053,-700.0,-339.0,839.0,116.0,35.0,69.0,157,117,112,114,125
2025-02-27 14:23:45.057,-679.0,-320.0,551.0,202.0,51.0,58.0,156,117,113,117,125
2025-02-27 14:23:45.061,-694.0,-257.0,362.0,305.0,17.0,40.0,158,117,113,117,126
2025-02-27 14:23:45.069,-589.0,-451.0,645.0,288.0,36.0,22.0,158,117,113,117,124
2025-02-27 14:23:45.073,-729.0,-535.0,404.0,293.0,6.0,10.0,157,117,113,117,123
2025-02-27 14:23:45.077,-686.0,-472.0,594.0,235.0,1.0,-4.0,157,116,111,117,123
2025-02-27 14:23:45.081,-25.0,-25.0,-25.0,-4.0,-4.0,-9.0,158,117,111,117,123
2025-02-27 14:23:45.089,-555.0,-419.0,820.0,166.0,-6.0,-20.0,158,119,113,114,124
2025-02-27 14:23:45.093,-156.0,-156.0,-156.0,-20.0,-20.0,-20.0,159,119,111,115,126
2025-02-27 14:23:45.098,-156.0,-156.0,-156.0,-20.0,-20.0,-20.0,158,118,112,117,124
2025-02-27 14:23:45.105,-156.0,-156.0,-156.0,-20.0,-20.0,-20.0,160,119,113,119,124
2025-02-27 14:23:45.110,-156.0,-156.0,-156.0,-20.0,-20.0,-20.0,158,118,112,117,124
2025-02-27 14:23:45.118,-156.0,-156.0,-156.0,-20.0,-20.0,-20.0,157,117,111,116,122
2025-02-27 14:23:45.122,-156.0,-156.0,-156.0,-20.0,-20.0,-20.0,156,118,111,116,122
2025-02-27 14:23:45.127,-156.0,-156.0,-156.0,-20.0,-20.0,-20.0,158,117,111,117,122
2025-02-27 14:23:45.134,-156.0,-156.0,-156.0,-20.0,-20.0,-20.0,155,118,110,116,121
2025-02-27 14:23:45.138,-156.0,-574.0,859.0,-251.0,119.0,-8.0,157,117,109,117,120
2025-02-27 14:23:45.143,-474.0,-680.0,821.0,-252.0,123.0,4.0,156,119,110,117,122
2025-02-27 14:23:45.150,-494.0,-507.0,576.0,-298.0,113.0,1.0,155,117,108,115,117
2025-02-27 14:23:45.155,-603.0,-661.0,830.0,-327.0,120.0,2.0,155,116,108,115,117
2025-02-27 14:23:45.159,-600.0,-625.0,719.0,-308.0,132.0,9.0,156,118,108,114,115
2025-02-27 14:23:45.167,-644.0,-731.0,453.0,-274.0,115.0,14.0,157,116,106,115,114
2025-02-27 14:23:45.171,-636.0,-764.0,499.0,-254.0,117.0,19.0,156,117,105,114,114
2025-02-27 14:23:45.176,-628.0,-843.0,465.0,-252.0,116.0,24.0,155,115,101,115,112
2025-02-27 14:23:45.184,-579.0,-847.0,427.0,-230.0,118.0,29.0,154,113,102,114,113
2025-02-27 14:23:45.188,-581.0,-859.0,320.0,-211.0,102.0,37.0,155,113,101,116,113
2025-02-27 14:23:45.192,-610.0,-883.0,208.0,-200.0,98.0,39.0,154,110,98,114,111
2025-02-27 14:23:45.200,-650.0,-796.0,183.0,-185.0,88.0,45.0,154,110,98,115,111
2025-02-27 14:23:45.204,-585.0,-820.0,299.0,-157.0,83.0,48.0,157,110,98,116,109
2025-02-27 14:23:45.209,-673.0,-802.0,332.0,-158.0,84.0,55.0,155,109,97,113,107
2025-02-27 14:23:45.213,-608.0,-1385.0,666.0,-150.0,94.0,58.0,152,107,94,114,106
2025-02-27 14:23:45.221,-632.0,-491.0,159.0,-118.0,61.0,58.0,153,105,93,113,103
2025-02-27 14:23:45.225,-701.0,-694.0,287.0,-116.0,65.0,64.0,156,106,95,115,101
2025-02-27 14:23:45.229,-702.0,-797.0,324.0,-95.0,66.0,68.0,154,104,91,113,98
2025-02-27 14:23:45.237,-768.0,-829.0,294.0,-86.0,58.0,69.0,156,102,89,111,97
2025-02-27 14:23:45.241,-789.0,-876.0,365.0,-59.0,57.0,75.0,155,101,89,109,89
2025-02-27 14:23:45.246,-762.0,-863.0,265.0,-34.0,52.0,76.0,156,101,88,109,84
2025-02-27 14:23:45.250,-650.0,-871.0,226.0,-10.0,45.0,74.0,154,101,89,108,81
2025-02-27 14:23:45.258,-961.0,-849.0,79.0,-29.0,42.0,81.0,154,98,87,105,78
2025-02-27 14:23:45.261,-669.0,-847.0,-27.0,11.0,35.0,71.0,154,98,87,103,75
2025-02-27 14:23:45.266,-628.0,-857.0,-36.0,13.0,7.0,70.0,156,97,88,105,73
2025-02-27 14:23:45.270,-521.0,-586.0,-61.0,2.0,-5.0,64.0,154,96,88,103,71
2025-02-27 14:23:45.275,-424.0,-649.0,0.0,-29.0,3.0,65.0,154,94,86,101,68
2025-02-27 14:23:45.281,-424.0,-572.0,-142.0,-27.0,7.0,60.0,156,95,86,103,66
2025-02-27 14:23:45.286,-540.0,-529.0,-108.0,-20.0,-1.0,45.0,156,93,85,102,64
2025-02-27 14:23:45.291,-561.0,-453.0,-36.0,-36.0,1.0,37.0,157,91,82,102,62
2025-02-27 14:23:45.295,-571.0,-537.0,-21.0,-38.0,1.0,27.0,156,89,79,101,62
2025-02-27 14:23:45.299,-580.0,-536.0,-15.0,-39.0,0.0,13.0,155,86,76,99,62
2025-02-27 14:23:45.307,-551.0,-620.0,-43.0,-34.0,4.0,10.0,156,84,74,99,61
2025-02-27 14:23:45.311,-535.0,-626.0,-32.0,-35.0,10.0,8.0,156,81,72,98,60
2025-02-27 14:23:45.315,-587.0,-657.0,-83.0,-33.0,10.0,11.0,156,78,69,96,59
2025-02-27 14:23:45.319,-631.0,-625.0,-87.0,-39.0,9.0,14.0,157,75,67,94,58
2025-02-27 14:23:45.324,-657.0,-584.0,-80.0,-41.0,7.0,22.0,157,74,66,91,58
2025-02-27 14:23:45.331,-658.0,-548.0,-37.0,-45.0,12.0,29.0,156,75,63,90,57
2025-02-27 14:23:45.335,-652.0,-544.0,-5.0,-53.0,15.0,35.0,156,72,61,87,56
2025-02-27 14:23:45.340,-684.0,-541.0,0.0,-55.0,19.0,35.0,157,71,61,82,55
2025-02-27 14:23:45.344,-684.0,-549.0,-43.0,-52.0,19.0,37.0,157,72,60,84,56
2025-02-27 14:23:45.348,-707.0,-553.0,17.0,-56.0,21.0,37.0,156,70,60,82,55
2025-02-27 14:23:45.356,-727.0,-560.0,-16.0,-56.0,22.0,36.0,158,70,58,82,54
2025-02-27 14:23:45.360,-718.0,-525.0,-34.0,-56.0,24.0,34.0,155,67,59,81,56
2025-02-27 14:23:45.364,-704.0,-483.0,-59.0,-59.0,25.0,30.0,157,68,57,81,55
2025-02-27 14:23:45.369,-750.0,-492.0,-83.0,-51.0,23.0,27.0,158,67,57,81,56
2025-02-27 14:23:45.372,-779.0,-492.0,-87.0,-47.0,18.0,20.0,157,66,56,79,55
2025-02-27 14:23:45.380,-775.0,-481.0,-98.0,-43.0,17.0,12.0,157,66,55,78,54
2025-02-27 14:23:45.385,-806.0,-432.0,-139.0,-38.0,6.0,9.0,158,67,58,80,57
2025-02-27 14:23:45.389,-795.0,-421.0,-160.0,-38.0,0.0,3.0,157,66,55,78,56
2025-02-27 14:23:45.393,-811.0,-394.0,-179.0,-33.0,-5.0,-2.0,156,64,54,77,57
2025-02-27 14:23:45.401,-854.0,-403.0,-157.0,-34.0,-12.0,-5.0,157,64,55,77,56
2025-02-27 14:23:45.405,-859.0,-411.0,-151.0,-32.0,-22.0,-10.0,158,65,55,77,57
2025-02-27 14:23:45.409,-867.0,-402.0,-131.0,-31.0,-26.0,-15.0,158,63,54,76,57
2025-02-27 14:23:45.413,-849.0,-431.0,-123.0,-33.0,-31.0,-17.0,158,61,52,74,55
2025-02-27 14:23:45.421,-842.0,-426.0,-111.0,-31.0,-38.0,-19.0,157,62,54,75,56
2025-02-27 14:23:45.425,-822.0,-437.0,-49.0,-31.0,-43.0,-20.0,159,63,55,76,57
2025-02-27 14:23:45.430,-786.0,-458.0,-15.0,-30.0,-45.0,-21.0,156,62,53,74,56
2025-02-27 14:23:45.434,-749.0,-421.0,66.0,-34.0,-44.0,-20.0,158,61,53,72,56
2025-02-27 14:23:45.442,-727.0,-480.0,104.0,-36.0,-42.0,-18.0,159,62,53,73,56
2025-02-27 14:23:45.446,-677.0,-522.0,82.0,-37.0,-39.0,-16.0,159,63,53,74,56
2025-02-27 14:23:45.450,-668.0,-551.0,111.0,-36.0,-37.0,-14.0,159,62,51,74,56
2025-02-27 14:23:45.454,-640.0,-554.0,89.0,-37.0,-29.0,-13.0,159,62,53,73,55
2025-02-27 14:23:45.462,-667.0,-617.0,92.0,-31.0,-23.0,-12.0,158,62,53,73,56
2025-02-27 14:23:45.467,-692.0,-651.0,102.0,-28.0,-16.0,-11.0,159,62,53,75,57
2025-02-27 14:23:45.471,-703.0,-730.0,26.0,-15.0,-16.0,-10.0,158,62,53,73,57
2025-02-27 14:23:45.475,-738.0,-709.0,33.0,0.0,-22.0,-9.0,159,62,54,73,57
2025-02-27 14:23:45.479,-751.0,-645.0,30.0,1.0,-19.0,-9.0,159,61,53,72,57
2025-02-27 14:23:45.487,-750.0,-641.0,73.0,12.0,-19.0,-8.0,160,61,52,73,56
2025-02-27 14:23:45.491,-768.0,-661.0,105.0,17.0,-19.0,-6.0,159,61,53,73,57
2025-02-27 14:23:45.495,-770.0,-631.0,75.0,19.0,-20.0,-3.0,159,61,52,73,57
2025-02-27 14:23:45.500,-744.0,-606.0,127.0,18.0,-20.0,2.0,159,61,53,73,56
2025-02-27 14:23:45.504,-733.0,-591.0,103.0,19.0,-21.0,2.0,159,61,53,75,57
2025-02-27 14:23:45.512,-709.0,-586.0,161.0,16.0,-17.0,5.0,160,62,54,74,56
2025-02-27 14:23:45.515,-689.0,-544.0,184.0,12.0,-17.0,6.0,157,62,53,73,56
2025-02-27 14:23:45.520,-671.0,-542.0,131.0,9.0,-15.0,6.0,159,61,52,74,58
2025-02-27 14:23:45.524,-642.0,-539.0,142.0,6.0,-13.0,6.0,160,61,54,75,57
2025-02-27 14:23:45.528,-646.0,-536.0,133.0,2.0,-15.0,4.0,159,60,53,76,50
2025-02-27 14:23:45.535,-660.0,-521.0,142.0,-4.0,-15.0,3.0,164,61,53,74,58
2025-02-27 14:23:45.540,-667.0,-512.0,136.0,-7.0,-17.0,2.0,159,61,53,74,59
2025-02-27 14:23:45.544,-664.0,-533.0,108.0,-12.0,-17.0,-1.0,160,61,52,75,58
2025-02-27 14:23:45.549,-674.0,-542.0,107.0,-18.0,-19.0,-2.0,160,62,53,75,57
2025-02-27 14:23:45.552,-669.0,-558.0,102.0,-19.0,-21.0,-6.0,159,61,53,74,58
2025-02-27 14:23:45.560,-669.0,-568.0,127.0,-21.0,-21.0,-9.0,159,60,53,73,58
2025-02-27 14:23:45.564,-648.0,-584.0,115.0,-21.0,-22.0,-10.0,160,63,53,75,59
2025-02-27 14:23:45.569,-618.0,-605.0,132.0,-20.0,-21.0,-13.0,160,62,54,76,59
2025-02-27 14:23:45.573,-608.0,-619.0,144.0,-22.0,-20.0,-15.0,159,61,54,74,57
2025-02-27 14:23:45.581,-599.0,-647.0,142.0,-19.0,-18.0,-16.0,160,62,54,74,59
2025-02-27 14:23:45.585,-615.0,-685.0,133.0,-16.0,-18.0,-16.0,159,62,55,75,59
2025-02-27 14:23:45.590,-605.0,-701.0,122.0,-14.0,-16.0,-15.0,159,62,54,74,59
2025-02-27 14:23:45.594,-602.0,-724.0,103.0,-8.0,-16.0,-13.0,159,62,54,75,58
2025-02-27 14:23:45.601,-586.0,-726.0,88.0,-3.0,-14.0,-12.0,159,62,54,74,60
2025-02-27 14:23:45.606,-597.0,-728.0,79.0,2.0,-13.0,-10.0,160,63,54,75,59
2025-02-27 14:23:45.610,-593.0,-719.0,41.0,6.0,-14.0,-9.0,160,62,53,74,60
2025-02-27 14:23:45.614,-605.0,-686.0,29.0,10.0,-13.0,-9.0,159,62,54,75,60
2025-02-27 14:23:45.618,-607.0,-630.0,52.0,11.0,-14.0,-9.0,159,63,55,74,59
2025-02-27 14:23:45.626,-612.0,-587.0,51.0,13.0,-15.0,-9.0,160,63,56,75,60
2025-02-27 14:23:45.630,-625.0,-572.0,52.0,13.0,-18.0,-9.0,159,63,55,76,60
2025-02-27 14:23:45.634,-625.0,-533.0,68.0,10.0,-19.0,-10.0,160,63,55,75,59
2025-02-27 14:23:45.639,-631.0,-515.0,75.0,7.0,-21.0,-11.0,159,63,54,74,58
2025-02-27 14:23:45.643,-627.0,-510.0,109.0,2.0,-21.0,-12.0,160,63,55,77,61
2025-02-27 14:23:45.651,-630.0,-502.0,110.0,0.0,-21.0,-15.0,160,63,56,76,60
2025-02-27 14:23:45.655,-637.0,-525.0,117.0,-3.0,-22.0,-17.0,160,63,55,75,58
2025-02-27 14:23:45.659,-652.0,-538.0,110.0,-5.0,-23.0,-18.0,160,63,56,76,60
2025-02-27 14:23:45.663,-667.0,-555.0,102.0,-5.0,-26.0,-20.0,159,63,55,79,60
2025-02-27 14:23:45.671,-667.0,-578.0,93.0,-1.0,-27.0,-21.0,159,63,55,76,60
2025-02-27 14:23:45.675,-656.0,-590.0,95.0,0.0,-27.0,-22.0,159,64,55,77,60
2025-02-27 14:23:45.679,-656.0,-595.0,85.0,2.0,-28.0,-24.0,160,63,55,77,60
2025-02-27 14:23:45.683,-671.0,-613.0,67.0,7.0,-28.0,-25.0,160,63,54,77,60
2025-02-27 14:23:45.687,-679.0,-591.0,66.0,11.0,-30.0,-26.0,161,65,56,77,61
2025-02-27 14:23:45.695,-662.0,-555.0,78.0,14.0,-32.0,-29.0,158,63,55,77,60
2025-02-27 14:23:45.699,-646.0,-502.0,83.0,17.0,-32.0,-31.0,160,63,55,77,59
2025-02-27 14:23:45.704,-627.0,-506.0,105.0,18.0,-32.0,-32.0,160,63,56,77,61
2025-02-27 14:23:45.708,-608.0,-468.0,117.0,17.0,-31.0,-35.0,160,64,56,78,64
2025-02-27 14:23:45.712,-614.0,-431.0,92.0,19.0,-32.0,-39.0,159,65,55,77,60
2025-02-27 14:23:45.720,-625.0,-420.0,106.0,20.0,-33.0,-40.0,159,62,54,76,60
2025-02-27 14:23:45.724,-631.0,-410.0,98.0,22.0,-35.0,-45.0,165,64,56,78,60
2025-02-27 14:23:45.728,-631.0,-375.0,68.0,23.0,-36.0,-49.0,160,64,56,77,61
2025-02-27 14:23:45.733,-637.0,-346.0,68.0,24.0,-36.0,-50.0,160,63,55,77,60
2025-02-27 14:23:45.740,-646.0,-315.0,62.0,25.0,-37.0,-55.0,160,61,55,77,61
2025-02-27 14:23:45.744,-641.0,-238.0,48.0,26.0,-39.0,-60.0,160,63,54,77,60
2025-02-27 14:23:45.749,-654.0,-147.0,46.0,28.0,-41.0,-63.0,160,62,55,77,60
2025-02-27 14:23:45.753,-687.0,-88.0,50.0,27.0,-44.0,-65.0,160,63,56,78,62
2025-02-27 14:23:45.757,-671.0,54.0,81.0,25.0,-46.0,-70.0,162,61,55,76,60
2025-02-27 14:23:45.762,-671.0,172.0,96.0,23.0,-45.0,-76.0,159,60,55,76,61
2025-02-27 14:23:45.769,-656.0,195.0,98.0,19.0,-43.0,-81.0,161,60,55,78,62
2025-02-27 14:23:45.773,-708.0,256.0,86.0,22.0,-42.0,-93.0,160,61,56,77,61
2025-02-27 14:23:45.778,-746.0,254.0,73.0,22.0,-40.0,-109.0,161,60,55,75,59
2025-02-27 14:23:45.782,-791.0,270.0,75.0,23.0,-36.0,-116.0,161,59,54,77,61
2025-02-27 14:23:45.790,-829.0,229.0,45.0,25.0,-31.0,-132.0,161,60,53,78,61
2025-02-27 14:23:45.793,-838.0,178.0,17.0,27.0,-30.0,-148.0,161,60,54,76,61
2025-02-27 14:23:45.799,-887.0,146.0,-14.0,34.0,-32.0,-156.0,162,59,55,73,61
2025-02-27 14:23:45.802,-923.0,107.0,-8.0,37.0,-34.0,-171.0,161,59,55,77,61
2025-02-27 14:23:45.806,-943.0,60.0,-11.0,42.0,-37.0,-184.0,163,59,53,77,61
2025-02-27 14:23:45.814,-956.0,43.0,-6.0,46.0,-43.0,-191.0,161,60,55,72,62
2025-02-27 14:23:45.819,-936.0,-5.0,-14.0,50.0,-52.0,-206.0,162,60,55,77,62
2025-02-27 14:23:45.823,-928.0,20.0,-25.0,51.0,-59.0,-223.0,161,58,54,77,61
2025-02-27 14:23:45.826,-917.0,49.0,-31.0,50.0,-75.0,-233.0,161,61,55,76,62
2025-02-27 14:23:45.831,-906.0,86.0,-24.0,45.0,-95.0,-252.0,163,59,55,77,62
2025-02-27 14:23:45.838,-916.0,65.0,-65.0,41.0,-107.0,-270.0,160,58,55,76,61
2025-02-27 14:23:45.843,-811.0,56.0,-21.0,31.0,-130.0,-278.0,161,60,54,76,62
2025-02-27 14:23:45.847,-664.0,-9.0,15.0,20.0,-152.0,-289.0,162,59,56,77,62
2025-02-27 14:23:45.851,-397.0,-70.0,175.0,10.0,-158.0,-295.0,161,58,56,78,62
2025-02-27 14:23:45.859,-242.0,-131.0,387.0,-11.0,-164.0,-294.0,162,61,56,76,61
2025-02-27 14:23:45.863,124.0,-324.0,622.0,-34.0,-160.0,-286.0,164,61,56,76,62
2025-02-27 14:23:45.867,484.0,-614.0,738.0,-49.0,-141.0,-273.0,163,60,56,76,62
2025-02-27 14:23:45.876,785.0,-981.0,921.0,-54.0,-109.0,-257.0,163,62,55,75,67
2025-02-27 14:23:45.879,916.0,-1425.0,1093.0,-57.0,-89.0,-238.0,162,59,54,76,61
2025-02-27 14:23:45.884,1132.0,-1670.0,1191.0,-42.0,-44.0,-226.0,163,58,56,76,61
2025-02-27 14:23:45.888,1259.0,-2051.0,1152.0,-14.0,7.0,-198.0,163,60,56,74,64
2025-02-27 14:23:45.896,1277.0,-2527.0,1119.0,3.0,52.0,-171.0,163,59,56,74,64
2025-02-27 14:23:45.900,1254.0,-2766.0,1004.0,37.0,73.0,-142.0,162,58,57,75,63
2025-02-27 14:23:45.905,1142.0,-2864.0,826.0,70.0,102.0,-131.0,163,59,56,77,63
2025-02-27 14:23:45.909,959.0,-2834.0,626.0,88.0,110.0,-108.0,163,60,56,74,63
2025-02-27 14:23:45.917,771.0,-2740.0,587.0,88.0,100.0,-87.0,163,59,56,51,63
2025-02-27 14:23:45.921,707.0,-2640.0,506.0,85.0,87.0,-69.0,162,60,56,75,63
2025-02-27 14:23:45.925,552.0,-2529.0,486.0,61.0,54.0,-58.0,163,59,57,71,64
2025-02-27 14:23:45.930,503.0,-2513.0,427.0,25.0,21.0,-43.0,164,60,56,74,63
2025-02-27 14:23:45.937,466.0,-2586.0,486.0,8.0,0.0,-26.0,162,60,55,69,62
2025-02-27 14:23:45.941,528.0,-2633.0,597.0,-27.0,-31.0,-17.0,163,60,55,68,62
2025-02-27 14:23:45.946,592.0,-2770.0,625.0,-55.0,-54.0,3.0,165,60,56,66,63
2025-02-27 14:23:45.950,700.0,-2860.0,744.0,-71.0,-62.0,25.0,163,60,57,73,63
2025-02-27 14:23:45.955,672.0,-2979.0,789.0,-86.0,-64.0,36.0,164,60,56,65,63
2025-02-27 14:23:45.962,719.0,-3001.0,830.0,-87.0,-60.0,58.0,164,60,56,30,63
2025-02-27 14:23:45.966,726.0,-3052.0,863.0,-84.0,-45.0,78.0,164,59,56,74,63
2025-02-27 14:23:45.971,696.0,-2997.0,830.0,-72.0,-36.0,96.0,163,60,57,73,63
2025-02-27 14:23:45.975,634.0,-2951.0,813.0,-51.0,-16.0,105.0,163,61,57,73,63
2025-02-27 14:23:45.982,534.0,-2815.0,772.0,-28.0,4.0,122.0,163,61,57,69,63
2025-02-27 14:23:45.987,448.0,-2599.0,714.0,-17.0,21.0,140.0,165,62,57,75,63
2025-02-27 14:23:45.991,406.0,-2318.0,646.0,-1.0,28.0,148.0,163,61,58,72,63
2025-02-27 14:23:45.995,299.0,-2162.0,605.0,5.0,40.0,162.0,164,61,57,69,64
2025-02-27 14:23:46.000,205.0,-1861.0,540.0,8.0,43.0,173.0,163,59,57,67,63
2025-02-27 14:23:46.007,156.0,-1585.0,490.0,4.0,45.0,176.0,164,61,57,74,64
2025-02-27 14:23:46.011,54.0,-1443.0,440.0,-2.0,44.0,179.0,164,61,58,63,63
2025-02-27 14:23:46.015,-5.0,-1194.0,408.0,-6.0,38.0,177.0,164,61,57,67,64
2025-02-27 14:23:46.019,-46.0,-974.0,380.0,-18.0,36.0,175.0,163,61,57,68,64
2025-02-27 14:23:46.023,-56.0,-893.0,362.0,-32.0,30.0,169.0,164,61,57,70,64
2025-02-27 14:23:46.032,-86.0,-758.0,358.0,-39.0,26.0,163.0,164,61,58,73,64
2025-02-27 14:23:46.036,-121.0,-719.0,325.0,-52.0,23.0,158.0,163,61,57,74,64
2025-02-27 14:23:46.040,-179.0,-709.0,279.0,-58.0,18.0,155.0,163,62,58,73,64
2025-02-27 14:23:46.044,-216.0,-703.0,280.0,-62.0,15.0,150.0,164,61,58,71,64
2025-02-27 14:23:46.052,-229.0,-686.0,238.0,-66.0,12.0,145.0,163,62,59,51,64
2025-02-27 14:23:46.056,-253.0,-689.0,241.0,-65.0,9.0,143.0,165,61,58,72,64
2025-02-27 14:23:46.060,-235.0,-667.0,233.0,-64.0,8.0,140.0,164,61,58,72,66
2025-02-27 14:23:46.064,-242.0,-638.0,254.0,-62.0,8.0,137.0,164,62,59,75,65
2025-02-27 14:23:46.068,-219.0,-593.0,270.0,-63.0,11.0,135.0,163,62,58,75,65
2025-02-27 14:23:46.075,-207.0,-578.0,271.0,-64.0,14.0,134.0,165,62,58,76,65
2025-02-27 14:23:46.081,-203.0,-574.0,255.0,-64.0,19.0,132.0,164,62,58,74,64
2025-02-27 14:23:46.085,-210.0,-598.0,236.0,-60.0,22.0,132.0,163,61,58,75,64
2025-02-27 14:23:46.089,-218.0,-589.0,223.0,-58.0,29.0,131.0,164,62,58,74,64
2025-02-27 14:23:46.097,-238.0,-512.0,144.0,-44.0,29.0,132.0,163,61,57,75,64
2025-02-27 14:23:46.101,-288.0,-573.0,94.0,-48.0,32.0,132.0,163,61,57,75,63
2025-02-27 14:23:46.106,-295.0,-552.0,68.0,-41.0,33.0,133.0,165,62,58,77,64
2025-02-27 14:23:46.109,-361.0,-555.0,43.0,-36.0,31.0,133.0,164,62,58,76,64
2025-02-27 14:23:46.117,-373.0,-489.0,41.0,-34.0,32.0,132.0,163,61,56,75,63
2025-02-27 14:23:46.121,-394.0,-468.0,-11.0,-27.0,28.0,131.0,163,62,58,75,64
2025-02-27 14:23:46.125,-425.0,-441.0,-53.0,-27.0,28.0,129.0,163,63,58,77,65
2025-02-27 14:23:46.130,-466.0,-399.0,-70.0,-22.0,23.0,127.0,163,62,57,76,64
2025-02-27 14:23:46.135,-463.0,-385.0,-30.0,-21.0,21.0,125.0,163,61,57,76,64
2025-02-27 14:23:46.142,-494.0,-336.0,-29.0,-15.0,15.0,122.0,164,62,57,77,64
2025-02-27 14:23:46.147,-556.0,-319.0,-102.0,-12.0,9.0,118.0,164,62,58,76,65
2025-02-27 14:23:46.151,-560.0,-269.0,-100.0,-12.0,7.0,113.0,163,61,58,76,65
2025-02-27 14:23:46.155,-593.0,-258.0,-88.0,-7.0,0.0,111.0,163,62,58,76,64
2025-02-27 14:23:46.162,-610.0,-254.0,-85.0,-6.0,-4.0,105.0,163,63,58,75,64
2025-02-27 14:23:46.166,-619.0,-244.0,-72.0,-3.0,-7.0,100.0,164,63,58,74,64
2025-02-27 14:23:46.170,-630.0,-236.0,-61.0,0.0,-10.0,97.0,164,62,58,77,65
2025-02-27 14:23:46.175,-640.0,-230.0,-15.0,1.0,-14.0,94.0,163,63,58,76,65
2025-02-27 14:23:46.179,-625.0,-222.0,14.0,3.0,-14.0,90.0,163,62,57,77,64
2025-02-27 14:23:46.187,-606.0,-188.0,63.0,3.0,-12.0,89.0,162,63,58,77,65
2025-02-27 14:23:46.191,-593.0,-209.0,105.0,3.0,-10.0,87.0,163,63,58,77,64
2025-02-27 14:23:46.196,-590.0,-224.0,109.0,4.0,-8.0,85.0,163,61,57,76,64
2025-02-27 14:23:46.200,-593.0,-216.0,131.0,8.0,-5.0,83.0,163,63,57,76,65
2025-02-27 14:23:46.204,-617.0,-226.0,137.0,9.0,-1.0,79.0,164,62,57,79,65
2025-02-27 14:23:46.208,-631.0,-193.0,155.0,13.0,0.0,74.0,163,62,57,77,63
2025-02-27 14:23:46.216,-650.0,-191.0,111.0,18.0,2.0,72.0,162,62,58,76,66
2025-02-27 14:23:46.220,-676.0,-134.0,165.0,18.0,7.0,65.0,163,62,58,78,64
2025-02-27 14:23:46.224,-673.0,-77.0,176.0,18.0,8.0,58.0,163,62,57,76,64
2025-02-27 14:23:46.228,-706.0,-75.0,157.0,17.0,9.0,54.0,163,63,58,77,64
2025-02-27 14:23:46.233,-733.0,-55.0,152.0,17.0,10.0,47.0,163,64,59,76,64
2025-02-27 14:23:46.237,-748.0,-38.0,147.0,13.0,10.0,39.0,163,62,59,76,64
2025-02-27 14:23:46.245,-768.0,-38.0,133.0,12.0,10.0,36.0,164,63,58,77,64
2025-02-27 14:23:46.250,-795.0,-54.0,128.0,11.0,11.0,29.0,163,64,58,76,64
2025-02-27 14:23:46.255,-816.0,-68.0,108.0,11.0,12.0,23.0,162,63,58,76,64
2025-02-27 14:23:46.259,-829.0,-74.0,110.0,12.0,12.0,20.0,164,64,59,74,64
2025-02-27 14:23:46.262,-842.0,-79.0,104.0,13.0,12.0,15.0,166,64,58,77,65
2025-02-27 14:23:46.265,-845.0,-92.0,86.0,16.0,13.0,11.0,164,63,57,76,64
2025-02-27 14:23:46.273,-863.0,-102.0,70.0,20.0,14.0,10.0,163,63,60,78,65
2025-02-27 14:23:46.277,-882.0,-82.0,55.0,23.0,13.0,6.0,163,65,58,78,66
2025-02-27 14:23:46.281,-890.0,-31.0,52.0,26.0,13.0,4.0,164,62,56,77,63
2025-02-27 14:23:46.285,-924.0,-3.0,44.0,30.0,12.0,3.0,164,64,58,77,64
2025-02-27 14:23:46.289,-945.0,101.0,45.0,33.0,11.0,1.0,164,63,58,77,64
2025-02-27 14:23:46.293,-958.0,200.0,70.0,35.0,10.0,-2.0,163,63,57,77,65
2025-02-27 14:23:46.298,-963.0,258.0,105.0,39.0,12.0,-4.0,163,64,59,78,65
2025-02-27 14:23:46.305,-974.0,370.0,128.0,41.0,17.0,-10.0,164,63,58,78,66
